artist,year,title,musicbrainz_id,cover_filename
Queen,1973,Queen,810068af-2b3c-3e9c-b2ab-68a3f3e3787d,1973_queen.jpg
Queen,1974,Queen II,93d91bd6-1b55-3751-bca7-8b9d33beb7ef,1974_queen_ii.jpg
Queen,1974,Sheer Heart Attack,002ed683-3327-3df0-88c8-318746089925,1974_sheer_heart_attack.jpg
Queen,1975,A Night at the Opera,6b47c9a0-b9e1-3df9-a5e8-50a6ce0dbdbd,1975_a_night_at_the_opera.jpg
Queen,1976,A Day at the Races,a106e33b-e440-3ff3-9250-c6408ed73e60,1976_a_day_at_the_races.jpg
Queen,1977,News of the World,c172ea98-3a82-3254-b8ad-25a4f465ba03,1977_news_of_the_world.jpg
Queen,1978,Jazz,c192ea46-7377-34f0-b332-dd9810edd560,1978_jazz.jpg
Queen,1980,The Game,75702ddf-a46c-3cac-bace-0a466eb3c37c,1980_the_game.jpg
Queen,1980,Flash Gordon,70bd9521-c3ea-38c9-9d67-a6a6100bfa48,1980_flash_gordon.jpg
Queen,1982,Hot Space,3918b90b-340e-3779-9d7e-ba1593653498,1982_hot_space.jpg
Queen,1984,The Works,44c90c72-76b5-3c13-890e-3d37f21c10c9,1984_the_works.jpg
Queen,1986,A Kind of Magic,84f508a9-beae-3e97-b59e-3a8886c6e901,1986_a_kind_of_magic.jpg
Queen,1989,The Miracle,0c3067cd-0fc6-34fa-8611-cf3324b29c8a,1989_the_miracle.jpg
Queen,1991,Innuendo,daf57856-a734-3441-b0fd-26aa5f28ca64,1991_innuendo.jpg
Queen,1995,Made in Heaven,780e6a16-9384-307d-ae65-02e1d6313753,1995_made_in_heaven.jpg
Taylor Swift,2006,Taylor Swift,ba1d0c2a-bb07-38bc-835c-a880f76f1309,taylor_swift_2006_taylor_swift.jpg
Taylor Swift,2008,Fearless,63eba062-847c-3b73-8b0f-6baf27bba6fa,taylor_swift_2008_fearless.jpg
Taylor Swift,2010,Speak Now,ba1259eb-d41e-41c5-a70c-0e6fa73e6708,taylor_swift_2010_speak_now.jpg
Taylor Swift,2012,Red,a73cecde-0923-40ad-aad1-e8c24ba6c3d2,taylor_swift_2012_red.jpg
Taylor Swift,2014,1989,4d9ec1c2-58ec-48a4-aa0a-916718adead0,taylor_swift_2014_1989.jpg
Taylor Swift,2017,reputation,f060c8fd-bec9-426e-800e-8efc040a71e6,taylor_swift_2017_reputation.jpg
Taylor Swift,2019,Lover,30e9785b-7b50-4d29-b3d1-96fb55e3397f,taylor_swift_2019_lover.jpg
Taylor Swift,2020,folklore,f1d08326-c23b-4b43-be3b-20b33ab10bf6,taylor_swift_2020_folklore.jpg
Taylor Swift,2020,evermore,e86d6219-f5a2-4edd-bf2b-3f9eab190ae0,taylor_swift_2020_evermore.jpg
Taylor Swift,2021,The Vault (deluxe),2c049f28-a4e0-41c9-b7d8-e0a98951f357,taylor_swift_2021_the_vault_deluxe.jpg
Taylor Swift,2021,Fearless (Taylor’s Version),d2e4838d-90e1-471c-bda0-fd816dabb2d4,taylor_swift_2021_fearless_taylors_version.jpg
Taylor Swift,2021,Red (Taylor’s Version),67727253-f1c0-4243-9270-f9f1401c3b8c,taylor_swift_2021_red_taylors_version.jpg
Taylor Swift,2022,Midnights,0dcc84fb-c592-46e9-ba92-a52bb44dd553,taylor_swift_2022_midnights.jpg
Taylor Swift,2023,Speak Now (Taylor’s Version),0441b1b2-de57-4a9a-b007-1f6e159921d5,taylor_swift_2023_speak_now_taylors_version.jpg
Taylor Swift,2023,1989 (Taylor’s Version),1c4770b3-b7a3-4d44-a7a9-8e2dbb74b85a,taylor_swift_2023_1989_taylors_version.jpg
Taylor Swift,2024,Lover The Secret Studio Sessions,2a6b9e56-7314-4709-9dc7-924cdc300385,taylor_swift_2024_lover_the_secret_studio_sessions.jpg
Taylor Swift,2024,THE TORTURED POETS DEPARTMENT,71c3eed6-466c-4aef-ad12-65a36d19467a,taylor_swift_2024_the_tortured_poets_department.jpg
Taylor Swift,2024,THE TORTURED POETS DEPARTMENT: THE ANTHOLOGY,8daa3881-8fbd-49e5-a71b-913171b73ed5,taylor_swift_2024_the_tortured_poets_department_the_anthol.jpg
Taylor Swift,2025,The Life of a Showgirl,9ae7e7e9-ac40-4874-bd43-d77a9bb9b617,taylor_swift_2025_the_life_of_a_showgirl.jpg
BTS,2014,DARK&WILD,ea958ad6-4519-44f8-8c7c-18b3f16218f4,bts_2014_dark_wild.jpg
BTS,2014,WAKE UP,75ec671d-bd15-4bfa-baeb-f6054d2202db,bts_2014_wake_up.jpg
BTS,2016,YOUTH,7b70f452-a540-4fc8-933e-3b1d6800e290,bts_2016_youth.jpg
BTS,2016,WINGS,ddbf733c-1182-42a2-9bae-059afcbc3b93,bts_2016_wings.jpg
BTS,2018,FACE YOURSELF,a3ed68fc-eb06-4c18-a61f-beb9f955337e,bts_2018_face_yourself.jpg
BTS,2018,LOVE YOURSELF 轉 ‘Tear’,bdc4aa4d-bfba-4ef1-b3b6-ffc68055877e,bts_2018_love_yourself_tear.jpg
BTS,2020,MAP OF THE SOUL : 7,728f288b-eb1c-4ce1-98a1-d4124c897aaf,bts_2020_map_of_the_soul_7.jpg
BTS,2020,MAP OF THE SOUL : 7 〜 THE JOURNEY 〜,3a91498a-4e50-4a77-93e2-a7b599b9739e,bts_2020_map_of_the_soul_7_the_journey.jpg
BTS,2020,BE,7917fe48-906d-464f-9909-0e4d18d59192,bts_2020_be.jpg
BTS,2026,ARIRANG,21159e3f-172e-43f6-aa7d-8e06a81fea49,bts_2026_arirang.jpg
Kodak Black,2017,Painting Pictures,e8fbb50c-1bc5-4f0d-b336-28046155e093,kodak_black_2017_painting_pictures.jpg
Kodak Black,2018,Dying to Live,cb5cbfa5-e068-4b1b-9628-86a6f823bc8c,kodak_black_2018_dying_to_live.jpg
Kodak Black,2020,Bill Israel,2920773b-90a6-4f60-994b-684f16d55733,kodak_black_2020_bill_israel.jpg
Kodak Black,2022,Back for Everything,7f85eacd-7567-4400-b01a-14b05df77f22,kodak_black_2022_back_for_everything.jpg
Kodak Black,2023,Pistolz & Pearlz,8adb4d3c-7967-4d85-99a5-c23634a7664d,kodak_black_2023_pistolz_pearlz.jpg
Kodak Black,2023,When I Was Dead,64e298e9-353e-4af0-a9f0-81dcd07a2e64,kodak_black_2023_when_i_was_dead.jpg
Kodak Black,2024,Vulture Love Presents: The Last Zombies on Earth,daba6a91-eabf-4429-ad73-7a2682bbc6fe,kodak_black_2024_vulture_love_presents_the_last_zombies_o.jpg
Kodak Black,2024,Dieuson Octave,36089fe5-6014-48b9-ab60-487bb0b1b8f1,kodak_black_2024_dieuson_octave.jpg
Kodak Black,2024,Trill Bill,098b7101-61ad-43fa-9d03-11ff33a00029,kodak_black_2024_trill_bill.jpg
Kodak Black,2025,Just Getting Started,29768736-cf39-467b-a7d5-d532beaf703e,kodak_black_2025_just_getting_started.jpg
Kodak Black,2026,Kodak The Blessing,888c52d2-77f1-482c-8bc1-287b49f7e8cb,kodak_black_2026_kodak_the_blessing.jpg
Bruce Springsteen,1973,"Greetings From Asbury Park, N.J.",c497fc44-ddaf-3cce-a9b4-bfec958a0f3c,bruce_springsteen_1973_greetings_from_asbury_park_n_j.jpg
Bruce Springsteen,1973,"The Wild, the Innocent & The E Street Shuffle",4b443e66-52a7-3cc9-a522-0dc64a6a51dc,bruce_springsteen_1973_the_wild_the_innocent_the_e_street_shuff.jpg
Bruce Springsteen,1975,Born to Run,39b22944-7503-3937-8bba-09b17281cc6a,bruce_springsteen_1975_born_to_run.jpg
Bruce Springsteen,1978,Darkness on the Edge of Town,b613123b-a234-3f48-9c45-e05bf4e6b9e7,bruce_springsteen_1978_darkness_on_the_edge_of_town.jpg
Bruce Springsteen,1980,The River,8a6f6ede-b60a-3cad-b3b9-cfb57e9e1dbd,bruce_springsteen_1980_the_river.jpg
Bruce Springsteen,1982,Nebraska,324aee0c-36ec-35c1-9c93-b67a1d428037,bruce_springsteen_1982_nebraska.jpg
Bruce Springsteen,1984,Born in the U.S.A.,3c39a076-8e52-38f2-8076-260d0672fb23,bruce_springsteen_1984_born_in_the_u_s_a.jpg
Bruce Springsteen,1987,Tunnel of Love,b3559cb2-d7ad-32eb-a17e-54a873ce4122,bruce_springsteen_1987_tunnel_of_love.jpg
Bruce Springsteen,1992,Human Touch,220de9c6-fa5f-39e3-ae89-1faf8a8bbc67,bruce_springsteen_1992_human_touch.jpg
Bruce Springsteen,1992,Lucky Town,c0e8b10a-9478-30ea-a299-90ab2b703ab0,bruce_springsteen_1992_lucky_town.jpg
Bruce Springsteen,1995,The Ghost of Tom Joad,46ab3187-496d-3565-900e-57d89bacd22c,bruce_springsteen_1995_the_ghost_of_tom_joad.jpg
Bruce Springsteen,2002,The Rising,d19453c0-cd72-3468-b110-0f898c111e5e,bruce_springsteen_2002_the_rising.jpg
Bruce Springsteen,2005,Devils & Dust,d5f992ab-6238-3b28-bf2b-7b16d913c9f6,bruce_springsteen_2005_devils_dust.jpg
Bruce Springsteen,2006,We Shall Overcome: The Seeger Sessions,602387fa-a76f-3895-9039-1c812c6cb28c,bruce_springsteen_2006_we_shall_overcome_the_seeger_sessions.jpg
Bruce Springsteen,2007,Magic,5af7998f-9b53-3ebb-8f09-ebfbca703a59,bruce_springsteen_2007_magic.jpg
Bruce Springsteen,2008,Working on a Dream,9cec178a-f785-33c5-8888-63ba27efca4c,bruce_springsteen_2008_working_on_a_dream.jpg
Bruce Springsteen,2012,Wrecking Ball,d875c2f0-27d5-4946-81f9-3ebaf6636ccd,bruce_springsteen_2012_wrecking_ball.jpg
Bruce Springsteen,2014,High Hopes,e9afb320-60f4-42b1-bc4d-49d7d2e49010,bruce_springsteen_2014_high_hopes.jpg
Bruce Springsteen,2019,Western Stars,c0ae827c-bb5b-4c98-ab3a-1d9573c110ac,bruce_springsteen_2019_western_stars.jpg
Bruce Springsteen,2020,Letter to You,48e335f3-8e4a-4e38-b2df-e1514b9f9126,bruce_springsteen_2020_letter_to_you.jpg
Bruce Springsteen,2022,"Only the Strong Survive: Covers, Vol. 1",d6c1b942-edc7-4bca-bd34-6c43760272af,bruce_springsteen_2022_only_the_strong_survive_covers_vol_1.jpg
