Artist 1,Album 1,Artist 2,Album 2,Similarity
Queen,Queen II (1974),Queen,A Day at the Races (1976),99.9
Queen,A Night at the Opera (1975),BTS,MAP OF THE SOUL : 7 (2020),99.7
Queen,Queen II (1974),BTS,DARK&WILD (2014),99.6
Queen,Queen II (1974),Kodak Black,Kodak The Blessing (2026),99.6
Queen,A Day at the Races (1976),BTS,DARK&WILD (2014),99.6
Queen,A Day at the Races (1976),Kodak Black,Kodak The Blessing (2026),99.4
Queen,Innuendo (1991),Bruce Springsteen,Born to Run (1975),99.3
BTS,DARK&WILD (2014),Kodak Black,Vulture Love Presents: The Last Zombies on Earth (2024),99.3
BTS,DARK&WILD (2014),Kodak Black,Kodak The Blessing (2026),99.1
BTS,DARK&WILD (2014),Kodak Black,Just Getting Started (2025),99.0
BTS,MAP OF THE SOUL : 7 〜 THE JOURNEY 〜 (2020),Kodak Black,Just Getting Started (2025),99.0
Queen,A Night at the Opera (1975),BTS,WINGS (2016),98.9
Queen,A Day at the Races (1976),Kodak Black,Vulture Love Presents: The Last Zombies on Earth (2024),98.9
Queen,Innuendo (1991),BTS,WINGS (2016),98.8
Bruce Springsteen,Born to Run (1975),BTS,WINGS (2016),98.8
Queen,Queen II (1974),Kodak Black,Vulture Love Presents: The Last Zombies on Earth (2024),98.7
Queen,Queen II (1974),Kodak Black,Just Getting Started (2025),98.7
BTS,WINGS (2016),BTS,MAP OF THE SOUL : 7 (2020),98.7
Queen,A Day at the Races (1976),Kodak Black,Just Getting Started (2025),98.6
Kodak Black,Vulture Love Presents: The Last Zombies on Earth (2024),Kodak Black,Just Getting Started (2025),98.6
Bruce Springsteen,Devils & Dust (2005),Kodak Black,Kodak The Blessing (2026),98.5
BTS,DARK&WILD (2014),BTS,MAP OF THE SOUL : 7 〜 THE JOURNEY 〜 (2020),98.5
Queen,Queen II (1974),BTS,MAP OF THE SOUL : 7 〜 THE JOURNEY 〜 (2020),98.2
Queen,Jazz (1978),Queen,The Game (1980),98.2
Kodak Black,Vulture Love Presents: The Last Zombies on Earth (2024),Kodak Black,Kodak The Blessing (2026),98.2
Kodak Black,Just Getting Started (2025),Kodak Black,Kodak The Blessing (2026),98.2
Queen,Queen II (1974),Bruce Springsteen,Devils & Dust (2005),98.1
Queen,A Day at the Races (1976),BTS,MAP OF THE SOUL : 7 〜 THE JOURNEY 〜 (2020),98.1
BTS,MAP OF THE SOUL : 7 〜 THE JOURNEY 〜 (2020),Kodak Black,Vulture Love Presents: The Last Zombies on Earth (2024),97.9
Bruce Springsteen,Born to Run (1975),Bruce Springsteen,Tunnel of Love (1987),97.8
BTS,MAP OF THE SOUL : 7 〜 THE JOURNEY 〜 (2020),Kodak Black,Kodak The Blessing (2026),97.7
Queen,Sheer Heart Attack (1974),BTS,DARK&WILD (2014),97.6
Queen,A Day at the Races (1976),Bruce Springsteen,Devils & Dust (2005),97.5
Bruce Springsteen,Devils & Dust (2005),BTS,DARK&WILD (2014),97.5
Queen,Sheer Heart Attack (1974),BTS,MAP OF THE SOUL : 7 〜 THE JOURNEY 〜 (2020),97.3
Queen,Sheer Heart Attack (1974),Queen,A Day at the Races (1976),97.2
Queen,A Kind of Magic (1986),Kodak Black,Vulture Love Presents: The Last Zombies on Earth (2024),97.2
Queen,Queen II (1974),Queen,Sheer Heart Attack (1974),97.1
Queen,Sheer Heart Attack (1974),Kodak Black,Just Getting Started (2025),97.0
Bruce Springsteen,The River (1980),Kodak Black,Trill Bill (2024),97.0
Queen,Sheer Heart Attack (1974),Kodak Black,Kodak The Blessing (2026),96.8
Queen,A Kind of Magic (1986),BTS,DARK&WILD (2014),96.8
Queen,Sheer Heart Attack (1974),Kodak Black,Vulture Love Presents: The Last Zombies on Earth (2024),96.7
Queen,A Night at the Opera (1975),Queen,Innuendo (1991),96.7
Bruce Springsteen,Devils & Dust (2005),Kodak Black,Vulture Love Presents: The Last Zombies on Earth (2024),96.6
Queen,A Day at the Races (1976),Queen,A Kind of Magic (1986),96.5
Bruce Springsteen,Devils & Dust (2005),Kodak Black,Just Getting Started (2025),96.5
Queen,Queen II (1974),Queen,A Kind of Magic (1986),96.4
Queen,Sheer Heart Attack (1974),Bruce Springsteen,Devils & Dust (2005),96.4
Queen,Jazz (1978),Kodak Black,Vulture Love Presents: The Last Zombies on Earth (2024),96.4
Queen,Innuendo (1991),BTS,MAP OF THE SOUL : 7 (2020),96.4
Queen,A Kind of Magic (1986),Kodak Black,Kodak The Blessing (2026),96.3
Queen,Innuendo (1991),Bruce Springsteen,Tunnel of Love (1987),96.2
Bruce Springsteen,Tunnel of Love (1987),BTS,WINGS (2016),96.1
Queen,A Kind of Magic (1986),Kodak Black,Just Getting Started (2025),96.0
Queen,A Kind of Magic (1986),Bruce Springsteen,Devils & Dust (2005),95.7
Bruce Springsteen,Devils & Dust (2005),BTS,MAP OF THE SOUL : 7 〜 THE JOURNEY 〜 (2020),95.7
Queen,A Night at the Opera (1975),Bruce Springsteen,Born to Run (1975),95.6
Queen,The Game (1980),Kodak Black,Vulture Love Presents: The Last Zombies on Earth (2024),95.4
Queen,Sheer Heart Attack (1974),Queen,A Kind of Magic (1986),95.3
Bruce Springsteen,Born to Run (1975),BTS,MAP OF THE SOUL : 7 (2020),95.3
BTS,ARIRANG (2026),Kodak Black,Vulture Love Presents: The Last Zombies on Earth (2024),95.2
Queen,Jazz (1978),BTS,ARIRANG (2026),94.9
Queen,A Kind of Magic (1986),BTS,ARIRANG (2026),94.6
Queen,A Kind of Magic (1986),BTS,MAP OF THE SOUL : 7 〜 THE JOURNEY 〜 (2020),94.4
Queen,Jazz (1978),BTS,DARK&WILD (2014),94.1
Bruce Springsteen,Tunnel of Love (1987),Taylor Swift,reputation (2017),94.1
Bruce Springsteen,"Greetings From Asbury Park, N.J. (1973)",Kodak Black,Vulture Love Presents: The Last Zombies on Earth (2024),94.0
BTS,DARK&WILD (2014),BTS,ARIRANG (2026),93.8
Queen,The Game (1980),BTS,DARK&WILD (2014),93.7
BTS,ARIRANG (2026),Kodak Black,Just Getting Started (2025),93.7
Queen,A Day at the Races (1976),Bruce Springsteen,"Greetings From Asbury Park, N.J. (1973)",93.6
Bruce Springsteen,"Greetings From Asbury Park, N.J. (1973)",BTS,DARK&WILD (2014),93.5
Queen,Queen II (1974),Bruce Springsteen,"Greetings From Asbury Park, N.J. (1973)",93.4
Bruce Springsteen,"Greetings From Asbury Park, N.J. (1973)",Kodak Black,Kodak The Blessing (2026),93.2
Bruce Springsteen,Born to Run (1975),Taylor Swift,reputation (2017),93.2
Queen,A Kind of Magic (1986),Bruce Springsteen,"Greetings From Asbury Park, N.J. (1973)",93.0
Queen,A Day at the Races (1976),Queen,The Game (1980),92.8
Queen,A Night at the Opera (1975),Bruce Springsteen,Tunnel of Love (1987),92.7
Queen,Jazz (1978),Queen,A Kind of Magic (1986),92.7
Queen,The Works (1984),Bruce Springsteen,Nebraska (1982),92.7
Bruce Springsteen,"Greetings From Asbury Park, N.J. (1973)",Kodak Black,Just Getting Started (2025),92.7
Queen,A Day at the Races (1976),Queen,Jazz (1978),92.5
Queen,Jazz (1978),Kodak Black,Just Getting Started (2025),92.5
Bruce Springsteen,Tunnel of Love (1987),BTS,MAP OF THE SOUL : 7 (2020),92.3
Queen,Sheer Heart Attack (1974),Bruce Springsteen,"Greetings From Asbury Park, N.J. (1973)",92.1
Queen,The Works (1984),Taylor Swift,evermore (2020),92.1
Bruce Springsteen,"Greetings From Asbury Park, N.J. (1973)",Bruce Springsteen,Devils & Dust (2005),92.1
BTS,MAP OF THE SOUL : 7 〜 THE JOURNEY 〜 (2020),BTS,ARIRANG (2026),92.0
Queen,The Game (1980),Kodak Black,Just Getting Started (2025),91.9
Bruce Springsteen,Letter to You (2020),Taylor Swift,evermore (2020),91.9
Queen,Queen II (1974),Queen,Jazz (1978),91.8
Queen,Queen II (1974),Queen,The Game (1980),91.8
Bruce Springsteen,Devils & Dust (2005),Kodak Black,Trill Bill (2024),91.8
Queen,Queen II (1974),BTS,ARIRANG (2026),91.7
Queen,Sheer Heart Attack (1974),BTS,ARIRANG (2026),91.7
Queen,A Day at the Races (1976),BTS,ARIRANG (2026),91.7
Bruce Springsteen,"Greetings From Asbury Park, N.J. (1973)",BTS,MAP OF THE SOUL : 7 〜 THE JOURNEY 〜 (2020),91.5
BTS,ARIRANG (2026),Kodak Black,Kodak The Blessing (2026),91.3
Queen,Jazz (1978),BTS,MAP OF THE SOUL : 7 〜 THE JOURNEY 〜 (2020),91.2
Queen,Innuendo (1991),Taylor Swift,reputation (2017),91.0
Queen,Jazz (1978),Kodak Black,Kodak The Blessing (2026),90.9
Queen,The Game (1980),Kodak Black,Kodak The Blessing (2026),90.9
Queen,The Game (1980),BTS,MAP OF THE SOUL : 7 〜 THE JOURNEY 〜 (2020),90.6
Queen,The Game (1980),Queen,A Kind of Magic (1986),90.5
Queen,A Kind of Magic (1986),Kodak Black,Trill Bill (2024),90.5
Bruce Springsteen,The River (1980),Bruce Springsteen,Devils & Dust (2005),90.5
Kodak Black,Trill Bill (2024),Kodak Black,Vulture Love Presents: The Last Zombies on Earth (2024),90.0
Bruce Springsteen,"Greetings From Asbury Park, N.J. (1973)",BTS,ARIRANG (2026),89.9
Bruce Springsteen,Devils & Dust (2005),BTS,ARIRANG (2026),89.8
Queen,A Night at the Opera (1975),Taylor Swift,Speak Now (2010),89.7
Queen,Jazz (1978),Bruce Springsteen,"Greetings From Asbury Park, N.J. (1973)",89.7
Queen,Sheer Heart Attack (1974),Queen,Jazz (1978),89.5
Queen,Sheer Heart Attack (1974),Queen,The Game (1980),89.4
Queen,The Game (1980),BTS,ARIRANG (2026),89.4
BTS,WINGS (2016),Taylor Swift,Speak Now (2010),89.4
Queen,Sheer Heart Attack (1974),Kodak Black,Trill Bill (2024),89.3
Bruce Springsteen,The River (1980),Kodak Black,Vulture Love Presents: The Last Zombies on Earth (2024),89.2
Queen,The Game (1980),Bruce Springsteen,Devils & Dust (2005),89.1
Queen,Innuendo (1991),Taylor Swift,Speak Now (2010),89.1
Queen,Jazz (1978),Bruce Springsteen,Devils & Dust (2005),88.9
BTS,MAP OF THE SOUL : 7 (2020),Taylor Swift,Speak Now (2010),88.8
Queen,The Works (1984),BTS,ARIRANG (2026),88.7
Queen,The Game (1980),Bruce Springsteen,"Greetings From Asbury Park, N.J. (1973)",88.5
BTS,WINGS (2016),Taylor Swift,reputation (2017),88.5
Queen,A Night at the Opera (1975),Taylor Swift,Lover (2019),88.3
Bruce Springsteen,The River (1980),Kodak Black,Kodak The Blessing (2026),88.3
Kodak Black,Trill Bill (2024),Kodak Black,Kodak The Blessing (2026),88.3
Queen,Sheer Heart Attack (1974),Bruce Springsteen,The River (1980),88.2
Queen,A Kind of Magic (1986),Bruce Springsteen,The River (1980),88.2
Queen,Made in Heaven (1995),BTS,MAP OF THE SOUL : 7 〜 THE JOURNEY 〜 (2020),88.2
Bruce Springsteen,Born to Run (1975),Taylor Swift,Speak Now (2010),88.0
Queen,Queen II (1974),Bruce Springsteen,The River (1980),87.8
Queen,A Day at the Races (1976),Bruce Springsteen,The River (1980),87.8
Queen,A Day at the Races (1976),Kodak Black,Trill Bill (2024),87.8
Queen,Made in Heaven (1995),Bruce Springsteen,Nebraska (1982),87.7
BTS,DARK&WILD (2014),Kodak Black,Trill Bill (2024),87.7
Queen,Queen II (1974),Kodak Black,Trill Bill (2024),87.6
Bruce Springsteen,"Greetings From Asbury Park, N.J. (1973)",Kodak Black,Trill Bill (2024),87.4
BTS,MAP OF THE SOUL : 7 (2020),Taylor Swift,Lover (2019),87.4
Queen,Made in Heaven (1995),Kodak Black,Just Getting Started (2025),87.0
BTS,WINGS (2016),Taylor Swift,Lover (2019),87.0
Bruce Springsteen,The River (1980),BTS,DARK&WILD (2014),86.9
Bruce Springsteen,"Greetings From Asbury Park, N.J. (1973)",Bruce Springsteen,The River (1980),86.8
Bruce Springsteen,Tunnel of Love (1987),Taylor Swift,Speak Now (2010),86.8
Kodak Black,Trill Bill (2024),Kodak Black,Just Getting Started (2025),86.7
Bruce Springsteen,The River (1980),Kodak Black,Just Getting Started (2025),86.6
Queen,Innuendo (1991),Taylor Swift,Lover (2019),86.2
Taylor Swift,reputation (2017),Taylor Swift,folklore (2020),86.2
BTS,ARIRANG (2026),Kodak Black,Trill Bill (2024),86.1
Queen,Sheer Heart Attack (1974),Queen,The Miracle (1989),86.0
Queen,Jazz (1978),Kodak Black,Trill Bill (2024),86.0
Bruce Springsteen,Human Touch (1992),Taylor Swift,Red (Taylor’s Version) (2021),85.7
Taylor Swift,folklore (2020),Taylor Swift,The Vault (deluxe) (2021),85.7
Queen,A Night at the Opera (1975),Taylor Swift,Fearless (2008),85.6
Bruce Springsteen,The River (1980),BTS,MAP OF THE SOUL : 7 〜 THE JOURNEY 〜 (2020),85.6
BTS,MAP OF THE SOUL : 7 〜 THE JOURNEY 〜 (2020),Kodak Black,Trill Bill (2024),85.4
Bruce Springsteen,Born to Run (1975),Taylor Swift,Lover (2019),85.3
Queen,A Kind of Magic (1986),Queen,The Miracle (1989),85.2
Bruce Springsteen,"The Wild, the Innocent & The E Street Shuffle (1973)",Kodak Black,Trill Bill (2024),85.2
BTS,MAP OF THE SOUL : 7 (2020),Taylor Swift,Fearless (2008),85.2
Queen,The Game (1980),Kodak Black,Trill Bill (2024),84.9
BTS,ARIRANG (2026),Taylor Swift,Red (2012),84.8
Bruce Springsteen,Tunnel of Love (1987),Taylor Swift,Lover (2019),84.5
Bruce Springsteen,Tunnel of Love (1987),Taylor Swift,Fearless (2008),84.3
Bruce Springsteen,High Hopes (2014),Kodak Black,Trill Bill (2024),84.1
BTS,WINGS (2016),Taylor Swift,Fearless (2008),84.0
Queen,A Night at the Opera (1975),Taylor Swift,reputation (2017),83.6
Queen,Jazz (1978),Queen,The Works (1984),83.6
Queen,The Miracle (1989),Kodak Black,Just Getting Started (2025),83.6
Bruce Springsteen,Nebraska (1982),Bruce Springsteen,Tunnel of Love (1987),83.4
Queen,Sheer Heart Attack (1974),Queen,Made in Heaven (1995),83.2
Queen,The Miracle (1989),Kodak Black,Vulture Love Presents: The Last Zombies on Earth (2024),83.2
Queen,Made in Heaven (1995),Kodak Black,Vulture Love Presents: The Last Zombies on Earth (2024),83.2
Queen,Innuendo (1991),Taylor Swift,Fearless (2008),83.1
Queen,The Miracle (1989),Bruce Springsteen,Devils & Dust (2005),83.0
Bruce Springsteen,The River (1980),BTS,ARIRANG (2026),83.0
Queen,Jazz (1978),Taylor Swift,Red (2012),82.8
Queen,A Day at the Races (1976),Queen,The Miracle (1989),82.7
BTS,MAP OF THE SOUL : 7 (2020),Taylor Swift,reputation (2017),82.7
Queen,The Works (1984),Queen,Made in Heaven (1995),82.6
Bruce Springsteen,Letter to You (2020),Taylor Swift,Red (2012),82.5
Queen,The Miracle (1989),Kodak Black,Kodak The Blessing (2026),82.4
Queen,Made in Heaven (1995),BTS,DARK&WILD (2014),82.4
Queen,The Miracle (1989),BTS,DARK&WILD (2014),82.3
Queen,Queen II (1974),Queen,The Miracle (1989),82.1
Queen,Jazz (1978),Bruce Springsteen,The River (1980),82.0
Bruce Springsteen,The River (1980),Taylor Swift,Taylor Swift (2006),82.0
Taylor Swift,Speak Now (2010),Taylor Swift,Lover (2019),81.9
Bruce Springsteen,Nebraska (1982),Taylor Swift,evermore (2020),81.8
Queen,The Miracle (1989),BTS,MAP OF THE SOUL : 7 〜 THE JOURNEY 〜 (2020),81.6
Queen,The Game (1980),Bruce Springsteen,The River (1980),81.5
Queen,The Miracle (1989),Bruce Springsteen,"Greetings From Asbury Park, N.J. (1973)",81.5
Bruce Springsteen,Born to Run (1975),Taylor Swift,Fearless (2008),81.2
Queen,Made in Heaven (1995),BTS,ARIRANG (2026),81.1
Bruce Springsteen,Born to Run (1975),Bruce Springsteen,Nebraska (1982),81.1
Queen,The Miracle (1989),Kodak Black,Trill Bill (2024),81.0
Bruce Springsteen,Nebraska (1982),BTS,MAP OF THE SOUL : 7 〜 THE JOURNEY 〜 (2020),81.0
Queen,Queen II (1974),Queen,Made in Heaven (1995),80.9
Queen,A Day at the Races (1976),Queen,Made in Heaven (1995),80.9
Taylor Swift,Fearless (2008),Taylor Swift,Speak Now (2010),80.9
Queen,The Works (1984),Bruce Springsteen,High Hopes (2014),80.8
Taylor Swift,Red (2012),Taylor Swift,evermore (2020),80.8
Queen,The Works (1984),Kodak Black,Vulture Love Presents: The Last Zombies on Earth (2024),80.7
Bruce Springsteen,Nebraska (1982),BTS,ARIRANG (2026),80.7
Kodak Black,Trill Bill (2024),Taylor Swift,Taylor Swift (2006),80.7
Queen,The Miracle (1989),Bruce Springsteen,The River (1980),80.6
Queen,Made in Heaven (1995),Kodak Black,Kodak The Blessing (2026),80.5
Bruce Springsteen,Darkness on the Edge of Town (1978),Taylor Swift,Taylor Swift (2006),80.5
Queen,The Works (1984),Kodak Black,Trill Bill (2024),80.4
Bruce Springsteen,"The Wild, the Innocent & The E Street Shuffle (1973)",Bruce Springsteen,The River (1980),80.3
Taylor Swift,Red (2012),Taylor Swift,Red (Taylor’s Version) (2021),80.2
Queen,Jazz (1978),Taylor Swift,evermore (2020),79.9
Kodak Black,Trill Bill (2024),Taylor Swift,Red (Taylor’s Version) (2021),79.9
Queen,The Works (1984),BTS,MAP OF THE SOUL : 7 〜 THE JOURNEY 〜 (2020),79.8
Queen,A Kind of Magic (1986),Taylor Swift,Red (2012),79.8
Bruce Springsteen,Nebraska (1982),Bruce Springsteen,High Hopes (2014),79.7
Taylor Swift,Speak Now (2010),Taylor Swift,reputation (2017),79.7
Queen,A Kind of Magic (1986),Queen,Made in Heaven (1995),79.6
Kodak Black,Trill Bill (2024),Taylor Swift,Red (2012),79.6
Bruce Springsteen,"The Wild, the Innocent & The E Street Shuffle (1973)",Bruce Springsteen,Devils & Dust (2005),79.2
Bruce Springsteen,The River (1980),Bruce Springsteen,High Hopes (2014),79.0
Queen,The Works (1984),Kodak Black,Just Getting Started (2025),78.9
Queen,The Works (1984),Queen,A Kind of Magic (1986),78.8
Queen,Made in Heaven (1995),Bruce Springsteen,Devils & Dust (2005),78.8
Taylor Swift,reputation (2017),Taylor Swift,evermore (2020),78.8
Bruce Springsteen,The River (1980),Taylor Swift,Red (2012),78.7
Queen,Sheer Heart Attack (1974),Bruce Springsteen,Nebraska (1982),78.6
Bruce Springsteen,Nebraska (1982),Taylor Swift,reputation (2017),78.6
Queen,Jazz (1978),Queen,Made in Heaven (1995),78.5
Kodak Black,Vulture Love Presents: The Last Zombies on Earth (2024),Taylor Swift,Red (2012),78.4
Queen,Sheer Heart Attack (1974),Queen,The Works (1984),77.8
Queen,The Game (1980),Queen,Made in Heaven (1995),77.7
Bruce Springsteen,Nebraska (1982),Kodak Black,Just Getting Started (2025),77.5
Taylor Swift,reputation (2017),Taylor Swift,Lover (2019),77.5
Queen,Sheer Heart Attack (1974),Bruce Springsteen,High Hopes (2014),77.4
BTS,ARIRANG (2026),Taylor Swift,evermore (2020),77.4
Taylor Swift,Fearless (2008),Taylor Swift,1989 (2014),77.3
Queen,The Miracle (1989),BTS,ARIRANG (2026),77.2
Queen,The Works (1984),Taylor Swift,Red (2012),77.0
Taylor Swift,Fearless (2008),Taylor Swift,Lover (2019),77.0
Queen,The Works (1984),BTS,DARK&WILD (2014),76.8
Queen,The Miracle (1989),Bruce Springsteen,High Hopes (2014),76.8
Queen,Made in Heaven (1995),Bruce Springsteen,"Greetings From Asbury Park, N.J. (1973)",76.7
Queen,The Game (1980),Taylor Swift,Red (2012),76.5
Queen,Innuendo (1991),Bruce Springsteen,Nebraska (1982),76.5
Bruce Springsteen,Human Touch (1992),Kodak Black,Trill Bill (2024),76.5
Queen,Jazz (1978),Bruce Springsteen,Nebraska (1982),76.4
Bruce Springsteen,Nebraska (1982),Kodak Black,Vulture Love Presents: The Last Zombies on Earth (2024),76.4
Bruce Springsteen,High Hopes (2014),Taylor Swift,evermore (2020),76.2
Queen,The Game (1980),Queen,The Works (1984),76.0
Queen,The Game (1980),Queen,The Miracle (1989),76.0
Bruce Springsteen,The River (1980),Taylor Swift,Red (Taylor’s Version) (2021),76.0
Bruce Springsteen,"Greetings From Asbury Park, N.J. (1973)",Taylor Swift,Red (2012),75.7
Queen,Jazz (1978),Queen,The Miracle (1989),75.4
Queen,Sheer Heart Attack (1974),Bruce Springsteen,Human Touch (1992),75.1
Queen,Jazz (1978),Bruce Springsteen,Letter to You (2020),75.0
Queen,A Kind of Magic (1986),Bruce Springsteen,"The Wild, the Innocent & The E Street Shuffle (1973)",74.9
Queen,The Works (1984),Bruce Springsteen,The River (1980),74.8
Queen,The Works (1984),Bruce Springsteen,Devils & Dust (2005),74.7
Bruce Springsteen,Nebraska (1982),BTS,WINGS (2016),74.5
Queen,The Works (1984),Bruce Springsteen,"Greetings From Asbury Park, N.J. (1973)",74.4
Bruce Springsteen,Human Touch (1992),Bruce Springsteen,Devils & Dust (2005),74.3
Taylor Swift,evermore (2020),Taylor Swift,Red (Taylor’s Version) (2021),74.3
Bruce Springsteen,Nebraska (1982),BTS,DARK&WILD (2014),74.1
Queen,The Game (1980),Taylor Swift,evermore (2020),74.0
Kodak Black,Trill Bill (2024),Taylor Swift,evermore (2020),73.9
BTS,DARK&WILD (2014),Taylor Swift,Red (2012),73.6
Queen,The Works (1984),Kodak Black,Kodak The Blessing (2026),73.4
Bruce Springsteen,Letter to You (2020),Taylor Swift,folklore (2020),73.3
Kodak Black,Just Getting Started (2025),Taylor Swift,Red (2012),73.3
Queen,Queen II (1974),Queen,The Works (1984),73.2
Queen,A Day at the Races (1976),Queen,The Works (1984),73.0
Bruce Springsteen,High Hopes (2014),Taylor Swift,Taylor Swift (2006),73.0
Bruce Springsteen,"The Wild, the Innocent & The E Street Shuffle (1973)",Kodak Black,Kodak The Blessing (2026),72.9
Queen,A Day at the Races (1976),Taylor Swift,Red (2012),72.8
Bruce Springsteen,Tunnel of Love (1987),Taylor Swift,1989 (2014),72.8
Queen,The Works (1984),Bruce Springsteen,Letter to You (2020),72.7
Queen,Made in Heaven (1995),Bruce Springsteen,High Hopes (2014),72.6
Queen,Made in Heaven (1995),Bruce Springsteen,The River (1980),72.4
Queen,Made in Heaven (1995),Kodak Black,Trill Bill (2024),72.3
Taylor Swift,Speak Now (2010),Taylor Swift,1989 (2014),72.3
Bruce Springsteen,High Hopes (2014),Kodak Black,Vulture Love Presents: The Last Zombies on Earth (2024),72.2
Bruce Springsteen,Letter to You (2020),Taylor Swift,The Vault (deluxe) (2021),72.1
Bruce Springsteen,The River (1980),Bruce Springsteen,Human Touch (1992),72.0
Bruce Springsteen,High Hopes (2014),BTS,MAP OF THE SOUL : 7 〜 THE JOURNEY 〜 (2020),72.0
Queen,Queen II (1974),Taylor Swift,Red (2012),71.9
Bruce Springsteen,Letter to You (2020),Taylor Swift,Red (Taylor’s Version) (2021),71.8
Queen,The Game (1980),Bruce Springsteen,Nebraska (1982),71.7
Queen,The Works (1984),Bruce Springsteen,Tunnel of Love (1987),71.7
Queen,A Kind of Magic (1986),Bruce Springsteen,Nebraska (1982),71.6
Queen,A Kind of Magic (1986),Bruce Springsteen,High Hopes (2014),71.6
Queen,The Works (1984),Taylor Swift,reputation (2017),71.5
Queen,A Kind of Magic (1986),Bruce Springsteen,Human Touch (1992),71.4
Kodak Black,Kodak The Blessing (2026),Taylor Swift,Red (2012),71.4
Taylor Swift,evermore (2020),Taylor Swift,folklore (2020),71.3
Bruce Springsteen,"The Wild, the Innocent & The E Street Shuffle (1973)",Kodak Black,Vulture Love Presents: The Last Zombies on Earth (2024),71.1
Taylor Swift,Fearless (2008),Taylor Swift,reputation (2017),71.0
Bruce Springsteen,"Greetings From Asbury Park, N.J. (1973)",Bruce Springsteen,High Hopes (2014),70.9
Bruce Springsteen,Devils & Dust (2005),Bruce Springsteen,High Hopes (2014),70.9
Queen,A Day at the Races (1976),Bruce Springsteen,Nebraska (1982),70.8
Queen,Queen II (1974),Bruce Springsteen,Nebraska (1982),70.7
Bruce Springsteen,High Hopes (2014),BTS,ARIRANG (2026),70.7
Queen,Sheer Heart Attack (1974),Taylor Swift,Red (2012),70.6
Queen,The Works (1984),Bruce Springsteen,Born to Run (1975),70.6
Queen,The Game (1980),Bruce Springsteen,Letter to You (2020),70.5
Bruce Springsteen,Human Touch (1992),BTS,ARIRANG (2026),70.5
Taylor Swift,Taylor Swift (2006),Taylor Swift,Red (Taylor’s Version) (2021),70.5
Queen,News of the World (1977),Taylor Swift,evermore (2020),70.4
Bruce Springsteen,High Hopes (2014),Kodak Black,Just Getting Started (2025),70.4
Bruce Springsteen,Nebraska (1982),Kodak Black,Kodak The Blessing (2026),70.3
Bruce Springsteen,"Greetings From Asbury Park, N.J. (1973)",Bruce Springsteen,"The Wild, the Innocent & The E Street Shuffle (1973)",70.2
Bruce Springsteen,"The Wild, the Innocent & The E Street Shuffle (1973)",BTS,ARIRANG (2026),70.2
Bruce Springsteen,Darkness on the Edge of Town (1978),Taylor Swift,evermore (2020),70.1
Bruce Springsteen,Devils & Dust (2005),Taylor Swift,Red (2012),69.9
Queen,Jazz (1978),Bruce Springsteen,High Hopes (2014),69.8
Queen,Innuendo (1991),Taylor Swift,1989 (2014),69.8
BTS,MAP OF THE SOUL : 7 〜 THE JOURNEY 〜 (2020),Taylor Swift,Red (2012),69.8
Queen,Queen II (1974),Bruce Springsteen,"The Wild, the Innocent & The E Street Shuffle (1973)",69.5
Bruce Springsteen,"Greetings From Asbury Park, N.J. (1973)",Bruce Springsteen,Nebraska (1982),69.5
Bruce Springsteen,Nebraska (1982),Bruce Springsteen,Devils & Dust (2005),69.5
Taylor Swift,1989 (2014),Taylor Swift,reputation (2017),69.4
Queen,A Night at the Opera (1975),Taylor Swift,1989 (2014),69.3
Bruce Springsteen,Nebraska (1982),Kodak Black,Trill Bill (2024),69.3
Queen,The Miracle (1989),Queen,Made in Heaven (1995),69.0
Bruce Springsteen,High Hopes (2014),BTS,DARK&WILD (2014),69.0
Queen,News of the World (1977),Bruce Springsteen,Western Stars (2019),68.9
Kodak Black,Vulture Love Presents: The Last Zombies on Earth (2024),Taylor Swift,evermore (2020),68.9
Queen,The Game (1980),Bruce Springsteen,High Hopes (2014),68.6
Queen,The Works (1984),Bruce Springsteen,"The Wild, the Innocent & The E Street Shuffle (1973)",68.6
Queen,A Day at the Races (1976),Bruce Springsteen,"The Wild, the Innocent & The E Street Shuffle (1973)",68.5
Queen,The Works (1984),Taylor Swift,Red (Taylor’s Version) (2021),68.5
Bruce Springsteen,Tunnel of Love (1987),Taylor Swift,evermore (2020),68.5
Queen,Sheer Heart Attack (1974),Bruce Springsteen,"The Wild, the Innocent & The E Street Shuffle (1973)",68.3
Bruce Springsteen,"The Wild, the Innocent & The E Street Shuffle (1973)",Taylor Swift,Taylor Swift (2006),68.3
Bruce Springsteen,"The Wild, the Innocent & The E Street Shuffle (1973)",BTS,DARK&WILD (2014),68.2
Bruce Springsteen,"The Wild, the Innocent & The E Street Shuffle (1973)",Taylor Swift,Red (Taylor’s Version) (2021),68.2
Bruce Springsteen,Human Touch (1992),BTS,DARK&WILD (2014),68.1
Bruce Springsteen,Born to Run (1975),Taylor Swift,1989 (2014),68.0
BTS,WINGS (2016),Taylor Swift,1989 (2014),68.0
Bruce Springsteen,"The Wild, the Innocent & The E Street Shuffle (1973)",Kodak Black,Just Getting Started (2025),67.9
Queen,A Day at the Races (1976),Bruce Springsteen,High Hopes (2014),67.8
Queen,Made in Heaven (1995),Bruce Springsteen,Tunnel of Love (1987),67.8
Taylor Swift,Taylor Swift (2006),Taylor Swift,Red (2012),67.7
Bruce Springsteen,Darkness on the Edge of Town (1978),Taylor Swift,1989 (2014),67.6
Queen,Made in Heaven (1995),Taylor Swift,evermore (2020),67.5
Bruce Springsteen,Darkness on the Edge of Town (1978),Bruce Springsteen,Letter to You (2020),67.5
Bruce Springsteen,Human Touch (1992),Kodak Black,Kodak The Blessing (2026),67.5
BTS,MAP OF THE SOUL : 7 (2020),Taylor Swift,1989 (2014),67.4
Bruce Springsteen,High Hopes (2014),Kodak Black,Kodak The Blessing (2026),67.3
Queen,Jazz (1978),Bruce Springsteen,"The Wild, the Innocent & The E Street Shuffle (1973)",67.2
Bruce Springsteen,Human Touch (1992),Kodak Black,Vulture Love Presents: The Last Zombies on Earth (2024),67.0
Queen,Queen II (1974),Bruce Springsteen,High Hopes (2014),66.9
Queen,The Works (1984),Queen,Innuendo (1991),66.8
Queen,Queen II (1974),Bruce Springsteen,Human Touch (1992),66.4
Bruce Springsteen,"The Wild, the Innocent & The E Street Shuffle (1973)",Taylor Swift,Red (2012),66.4
Bruce Springsteen,Born to Run (1975),Taylor Swift,evermore (2020),66.4
Bruce Springsteen,The River (1980),Bruce Springsteen,Nebraska (1982),66.4
Bruce Springsteen,The River (1980),Taylor Swift,evermore (2020),66.4
Bruce Springsteen,Tunnel of Love (1987),Taylor Swift,folklore (2020),66.4
Bruce Springsteen,Human Touch (1992),Bruce Springsteen,High Hopes (2014),66.4
Bruce Springsteen,Letter to You (2020),BTS,ARIRANG (2026),66.4
Queen,A Kind of Magic (1986),Taylor Swift,evermore (2020),66.3
Bruce Springsteen,High Hopes (2014),Taylor Swift,Red (Taylor’s Version) (2021),66.3
BTS,ARIRANG (2026),Taylor Swift,Red (Taylor’s Version) (2021),66.3
Bruce Springsteen,Human Touch (1992),Kodak Black,Just Getting Started (2025),66.2
Bruce Springsteen,"The Wild, the Innocent & The E Street Shuffle (1973)",BTS,MAP OF THE SOUL : 7 〜 THE JOURNEY 〜 (2020),66.1
Queen,The Miracle (1989),Bruce Springsteen,Human Touch (1992),66.0
Queen,The Works (1984),Bruce Springsteen,Human Touch (1992),65.8
Queen,A Night at the Opera (1975),Bruce Springsteen,Nebraska (1982),65.4
Queen,A Day at the Races (1976),Bruce Springsteen,Human Touch (1992),65.4
Queen,A Kind of Magic (1986),Taylor Swift,Red (Taylor’s Version) (2021),65.4
Bruce Springsteen,"Greetings From Asbury Park, N.J. (1973)",Bruce Springsteen,Human Touch (1992),65.2
Bruce Springsteen,Tunnel of Love (1987),Bruce Springsteen,High Hopes (2014),65.1
Taylor Swift,1989 (2014),Taylor Swift,Lover (2019),65.0
Bruce Springsteen,Nebraska (1982),BTS,MAP OF THE SOUL : 7 (2020),64.9
Bruce Springsteen,Nebraska (1982),Taylor Swift,Speak Now (2010),64.9
Queen,News of the World (1977),Bruce Springsteen,Letter to You (2020),64.6
Bruce Springsteen,"The Wild, the Innocent & The E Street Shuffle (1973)",Bruce Springsteen,Human Touch (1992),64.6
Queen,The Works (1984),Queen,The Miracle (1989),64.3
Queen,News of the World (1977),Queen,The Works (1984),64.2
Queen,The Game (1980),Bruce Springsteen,"The Wild, the Innocent & The E Street Shuffle (1973)",63.9
Queen,The Miracle (1989),Taylor Swift,Taylor Swift (2006),63.8
Bruce Springsteen,Human Touch (1992),BTS,MAP OF THE SOUL : 7 〜 THE JOURNEY 〜 (2020),63.8
Bruce Springsteen,Born to Run (1975),Taylor Swift,folklore (2020),63.5
Bruce Springsteen,"Greetings From Asbury Park, N.J. (1973)",Taylor Swift,evermore (2020),63.2
Bruce Springsteen,Letter to You (2020),Kodak Black,Trill Bill (2024),63.2
Kodak Black,Just Getting Started (2025),Taylor Swift,evermore (2020),63.2
Queen,Innuendo (1991),Taylor Swift,evermore (2020),63.1
Bruce Springsteen,"The Wild, the Innocent & The E Street Shuffle (1973)",Bruce Springsteen,High Hopes (2014),63.1
BTS,MAP OF THE SOUL : 7 〜 THE JOURNEY 〜 (2020),Taylor Swift,evermore (2020),63.1
Queen,News of the World (1977),Bruce Springsteen,Darkness on the Edge of Town (1978),62.9
Bruce Springsteen,Devils & Dust (2005),Taylor Swift,Red (Taylor’s Version) (2021),62.8
Queen,Sheer Heart Attack (1974),Taylor Swift,evermore (2020),62.7
Queen,A Kind of Magic (1986),Taylor Swift,Taylor Swift (2006),62.6
BTS,DARK&WILD (2014),Taylor Swift,evermore (2020),62.5
Queen,The Miracle (1989),Bruce Springsteen,"The Wild, the Innocent & The E Street Shuffle (1973)",62.4
Queen,Made in Heaven (1995),Bruce Springsteen,Born to Run (1975),62.3
Queen,Jazz (1978),Bruce Springsteen,Human Touch (1992),62.2
Queen,Jazz (1978),Taylor Swift,Red (Taylor’s Version) (2021),62.2
Bruce Springsteen,Nebraska (1982),Taylor Swift,Red (2012),61.8
Bruce Springsteen,Western Stars (2019),Taylor Swift,Red (2012),61.8
Bruce Springsteen,Letter to You (2020),Taylor Swift,reputation (2017),61.8
Queen,The Miracle (1989),Bruce Springsteen,Nebraska (1982),61.7
Queen,Innuendo (1991),Taylor Swift,folklore (2020),61.5
Bruce Springsteen,High Hopes (2014),Taylor Swift,Fearless (2008),61.5
Queen,Sheer Heart Attack (1974),Taylor Swift,Red (Taylor’s Version) (2021),61.4
Bruce Springsteen,Human Touch (1992),Taylor Swift,Red (2012),61.1
Bruce Springsteen,"Greetings From Asbury Park, N.J. (1973)",Taylor Swift,Red (Taylor’s Version) (2021),61.0
Queen,The Works (1984),BTS,WINGS (2016),60.9
Bruce Springsteen,Darkness on the Edge of Town (1978),Bruce Springsteen,High Hopes (2014),60.8
Queen,The Works (1984),Taylor Swift,Taylor Swift (2006),60.7
Bruce Springsteen,Western Stars (2019),Bruce Springsteen,Letter to You (2020),60.7
Kodak Black,Vulture Love Presents: The Last Zombies on Earth (2024),Taylor Swift,Red (Taylor’s Version) (2021),60.7
Queen,Sheer Heart Attack (1974),Taylor Swift,Taylor Swift (2006),60.5
Queen,Made in Heaven (1995),Taylor Swift,Red (2012),60.2
Bruce Springsteen,High Hopes (2014),Taylor Swift,Red (2012),60.2
Queen,The Game (1980),Bruce Springsteen,Human Touch (1992),60.0
Taylor Swift,Taylor Swift (2006),Taylor Swift,evermore (2020),60.0
Bruce Springsteen,Darkness on the Edge of Town (1978),Kodak Black,Trill Bill (2024),59.8
Bruce Springsteen,High Hopes (2014),Taylor Swift,reputation (2017),59.8
Bruce Springsteen,"Greetings From Asbury Park, N.J. (1973)",Taylor Swift,Taylor Swift (2006),59.6
Bruce Springsteen,"The Wild, the Innocent & The E Street Shuffle (1973)",Taylor Swift,evermore (2020),59.6
Kodak Black,Vulture Love Presents: The Last Zombies on Earth (2024),Taylor Swift,Taylor Swift (2006),59.5
Bruce Springsteen,"The Wild, the Innocent & The E Street Shuffle (1973)",Bruce Springsteen,Darkness on the Edge of Town (1978),59.3
Bruce Springsteen,Darkness on the Edge of Town (1978),Bruce Springsteen,Western Stars (2019),59.1
Queen,The Miracle (1989),Taylor Swift,Red (2012),58.9
Bruce Springsteen,Devils & Dust (2005),Taylor Swift,evermore (2020),58.8
Queen,Made in Heaven (1995),Taylor Swift,reputation (2017),58.7
Bruce Springsteen,Nebraska (1982),Taylor Swift,Lover (2019),58.7
Queen,A Day at the Races (1976),Taylor Swift,evermore (2020),58.6
Queen,The Works (1984),Bruce Springsteen,Darkness on the Edge of Town (1978),58.4
Bruce Springsteen,Devils & Dust (2005),Taylor Swift,Taylor Swift (2006),58.4
Bruce Springsteen,Letter to You (2020),Kodak Black,Vulture Love Presents: The Last Zombies on Earth (2024),58.4
Queen,The Game (1980),Taylor Swift,Red (Taylor’s Version) (2021),58.1
Bruce Springsteen,Darkness on the Edge of Town (1978),Taylor Swift,Red (Taylor’s Version) (2021),58.1
Taylor Swift,1989 (2014),Taylor Swift,folklore (2020),58.1
Bruce Springsteen,Human Touch (1992),Taylor Swift,evermore (2020),58.0
Bruce Springsteen,We Shall Overcome: The Seeger Sessions (2006),Bruce Springsteen,High Hopes (2014),57.8
Queen,Queen II (1974),Taylor Swift,evermore (2020),57.7
BTS,DARK&WILD (2014),Taylor Swift,Red (Taylor’s Version) (2021),57.5
Kodak Black,Kodak The Blessing (2026),Taylor Swift,evermore (2020),57.5
Bruce Springsteen,Nebraska (1982),Taylor Swift,Fearless (2008),57.3
BTS,ARIRANG (2026),Taylor Swift,Taylor Swift (2006),57.0
Queen,News of the World (1977),Taylor Swift,reputation (2017),56.9
Queen,Innuendo (1991),Queen,Made in Heaven (1995),56.9
Bruce Springsteen,Born to Run (1975),Bruce Springsteen,High Hopes (2014),56.8
Bruce Springsteen,Nebraska (1982),Bruce Springsteen,Letter to You (2020),56.8
Kodak Black,Kodak The Blessing (2026),Taylor Swift,Taylor Swift (2006),56.8
Kodak Black,Kodak The Blessing (2026),Taylor Swift,Red (Taylor’s Version) (2021),56.7
BTS,WINGS (2016),Taylor Swift,folklore (2020),56.5
Bruce Springsteen,High Hopes (2014),Bruce Springsteen,Letter to You (2020),56.4
Queen,A Kind of Magic (1986),Bruce Springsteen,Letter to You (2020),56.3
Queen,A Day at the Races (1976),Taylor Swift,Taylor Swift (2006),56.2
Queen,Queen II (1974),Taylor Swift,Red (Taylor’s Version) (2021),55.8
Queen,A Day at the Races (1976),Taylor Swift,Red (Taylor’s Version) (2021),55.8
Queen,Made in Heaven (1995),BTS,WINGS (2016),55.7
Bruce Springsteen,The River (1980),Bruce Springsteen,Letter to You (2020),55.7
Kodak Black,Just Getting Started (2025),Taylor Swift,Red (Taylor’s Version) (2021),55.7
Bruce Springsteen,Darkness on the Edge of Town (1978),Taylor Swift,Red (2012),55.6
Bruce Springsteen,Darkness on the Edge of Town (1978),Bruce Springsteen,The River (1980),55.5
Kodak Black,Just Getting Started (2025),Taylor Swift,Taylor Swift (2006),55.4
Bruce Springsteen,Nebraska (1982),Bruce Springsteen,Human Touch (1992),55.2
Bruce Springsteen,Western Stars (2019),Taylor Swift,evermore (2020),55.2
Queen,Made in Heaven (1995),Bruce Springsteen,"The Wild, the Innocent & The E Street Shuffle (1973)",55.1
Queen,Queen II (1974),Taylor Swift,Taylor Swift (2006),54.9
BTS,WINGS (2016),Taylor Swift,evermore (2020),54.9
BTS,MAP OF THE SOUL : 7 〜 THE JOURNEY 〜 (2020),Taylor Swift,Taylor Swift (2006),54.8
Queen,The Miracle (1989),Taylor Swift,Red (Taylor’s Version) (2021),54.5
BTS,DARK&WILD (2014),Taylor Swift,Taylor Swift (2006),54.3
Queen,Jazz (1978),Taylor Swift,Taylor Swift (2006),54.1
Bruce Springsteen,"Greetings From Asbury Park, N.J. (1973)",Bruce Springsteen,Letter to You (2020),53.9
Bruce Springsteen,Darkness on the Edge of Town (1978),Taylor Swift,Fearless (2008),53.8
Queen,The Works (1984),Taylor Swift,Speak Now (2010),53.7
Queen,Innuendo (1991),Bruce Springsteen,High Hopes (2014),53.3
Bruce Springsteen,Human Touch (1992),Taylor Swift,Taylor Swift (2006),53.2
Taylor Swift,Lover (2019),Taylor Swift,folklore (2020),53.1
Taylor Swift,evermore (2020),Taylor Swift,The Vault (deluxe) (2021),53.1
Taylor Swift,Speak Now (2010),Taylor Swift,folklore (2020),52.9
Queen,News of the World (1977),Taylor Swift,folklore (2020),52.8
Queen,Made in Heaven (1995),Bruce Springsteen,Human Touch (1992),52.5
Queen,News of the World (1977),Queen,Innuendo (1991),52.4
Bruce Springsteen,Letter to You (2020),Taylor Swift,Taylor Swift (2006),52.3
Queen,A Night at the Opera (1975),Taylor Swift,folklore (2020),52.2
Queen,The Game (1980),Taylor Swift,Taylor Swift (2006),52.2
BTS,MAP OF THE SOUL : 7 〜 THE JOURNEY 〜 (2020),Taylor Swift,Red (Taylor’s Version) (2021),52.1
Queen,The Miracle (1989),Taylor Swift,evermore (2020),52.0
Bruce Springsteen,"The Wild, the Innocent & The E Street Shuffle (1973)",Bruce Springsteen,Nebraska (1982),52.0
Queen,News of the World (1977),Bruce Springsteen,Born to Run (1975),51.5
Queen,News of the World (1977),Bruce Springsteen,Nebraska (1982),51.5
Bruce Springsteen,Darkness on the Edge of Town (1978),Taylor Swift,folklore (2020),51.5
Taylor Swift,reputation (2017),Taylor Swift,The Vault (deluxe) (2021),51.5
Queen,News of the World (1977),Taylor Swift,Red (2012),51.4
Taylor Swift,Speak Now (2010),Taylor Swift,evermore (2020),51.4
Queen,Made in Heaven (1995),Taylor Swift,Taylor Swift (2006),51.0
Bruce Springsteen,Western Stars (2019),Taylor Swift,Red (Taylor’s Version) (2021),51.0
Bruce Springsteen,Letter to You (2020),BTS,DARK&WILD (2014),51.0
BTS,MAP OF THE SOUL : 7 (2020),Taylor Swift,folklore (2020),50.9
Bruce Springsteen,"The Wild, the Innocent & The E Street Shuffle (1973)",Bruce Springsteen,Letter to You (2020),50.5
Bruce Springsteen,High Hopes (2014),BTS,WINGS (2016),50.4
Bruce Springsteen,Darkness on the Edge of Town (1978),Taylor Swift,reputation (2017),50.3
Bruce Springsteen,Nebraska (1982),Taylor Swift,Red (Taylor’s Version) (2021),50.2
Bruce Springsteen,High Hopes (2014),Taylor Swift,1989 (2014),49.9
Queen,A Night at the Opera (1975),Queen,The Works (1984),49.6
Bruce Springsteen,Nebraska (1982),Taylor Swift,Taylor Swift (2006),49.6
Bruce Springsteen,High Hopes (2014),Taylor Swift,Speak Now (2010),49.4
Bruce Springsteen,Human Touch (1992),Bruce Springsteen,We Shall Overcome: The Seeger Sessions (2006),49.3
Queen,The Works (1984),BTS,MAP OF THE SOUL : 7 (2020),49.1
Queen,News of the World (1977),Bruce Springsteen,Tunnel of Love (1987),49.0
Bruce Springsteen,Letter to You (2020),Kodak Black,Just Getting Started (2025),49.0
Taylor Swift,1989 (2014),Taylor Swift,evermore (2020),48.0
Queen,A Day at the Races (1976),Bruce Springsteen,Letter to You (2020),47.9
Bruce Springsteen,Nebraska (1982),Taylor Swift,1989 (2014),47.8
Queen,News of the World (1977),Bruce Springsteen,"The Wild, the Innocent & The E Street Shuffle (1973)",47.7
Taylor Swift,Taylor Swift (2006),Taylor Swift,1989 (2014),47.7
Queen,Sheer Heart Attack (1974),Bruce Springsteen,Letter to You (2020),47.5
Bruce Springsteen,Nebraska (1982),Taylor Swift,folklore (2020),47.4
Queen,The Works (1984),Taylor Swift,folklore (2020),47.0
Queen,Made in Heaven (1995),BTS,MAP OF THE SOUL : 7 (2020),47.0
Queen,News of the World (1977),Taylor Swift,Red (Taylor’s Version) (2021),46.9
Queen,Made in Heaven (1995),Taylor Swift,Speak Now (2010),46.9
Queen,Jazz (1978),Taylor Swift,reputation (2017),46.8
Queen,The Works (1984),Taylor Swift,Fearless (2008),46.8
Queen,A Night at the Opera (1975),Queen,Made in Heaven (1995),46.7
Bruce Springsteen,Human Touch (1992),Bruce Springsteen,Letter to You (2020),46.6
Queen,News of the World (1977),BTS,ARIRANG (2026),46.5
Queen,The Works (1984),Bruce Springsteen,Western Stars (2019),46.5
Queen,The Works (1984),Taylor Swift,Lover (2019),46.5
Bruce Springsteen,Letter to You (2020),BTS,MAP OF THE SOUL : 7 〜 THE JOURNEY 〜 (2020),46.4
Queen,Made in Heaven (1995),Taylor Swift,Lover (2019),46.3
Queen,Queen II (1974),Bruce Springsteen,Letter to You (2020),46.1
Bruce Springsteen,Darkness on the Edge of Town (1978),Bruce Springsteen,Tunnel of Love (1987),45.6
Bruce Springsteen,Devils & Dust (2005),Bruce Springsteen,Letter to You (2020),45.5
Bruce Springsteen,Letter to You (2020),Kodak Black,Kodak The Blessing (2026),45.4
Queen,News of the World (1977),Bruce Springsteen,High Hopes (2014),45.2
Taylor Swift,Lover (2019),Taylor Swift,evermore (2020),45.1
Queen,Made in Heaven (1995),Bruce Springsteen,Letter to You (2020),44.8
Bruce Springsteen,Tunnel of Love (1987),BTS,MAP OF THE SOUL : 7 〜 THE JOURNEY 〜 (2020),44.7
Bruce Springsteen,Western Stars (2019),Taylor Swift,Taylor Swift (2006),44.6
Queen,Made in Heaven (1995),Taylor Swift,Red (Taylor’s Version) (2021),44.3
Queen,A Night at the Opera (1975),Taylor Swift,evermore (2020),44.2
Taylor Swift,Fearless (2008),Taylor Swift,folklore (2020),44.0
Queen,The Game (1980),Taylor Swift,reputation (2017),43.8
Taylor Swift,Taylor Swift (2006),Taylor Swift,Fearless (2008),43.8
Queen,News of the World (1977),Queen,Jazz (1978),43.6
Taylor Swift,Fearless (2008),Taylor Swift,evermore (2020),43.6
Queen,A Night at the Opera (1975),Bruce Springsteen,High Hopes (2014),43.3
Queen,The Works (1984),Taylor Swift,1989 (2014),43.0
BTS,MAP OF THE SOUL : 7 (2020),Taylor Swift,evermore (2020),43.0
Queen,News of the World (1977),BTS,WINGS (2016),42.8
Bruce Springsteen,Darkness on the Edge of Town (1978),Bruce Springsteen,Nebraska (1982),42.4
Queen,News of the World (1977),Taylor Swift,Taylor Swift (2006),42.3
Bruce Springsteen,Darkness on the Edge of Town (1978),Taylor Swift,The Vault (deluxe) (2021),42.3
Queen,Innuendo (1991),Bruce Springsteen,Darkness on the Edge of Town (1978),42.2
Queen,The Miracle (1989),Bruce Springsteen,We Shall Overcome: The Seeger Sessions (2006),42.1
Bruce Springsteen,Tunnel of Love (1987),Bruce Springsteen,Letter to You (2020),42.1
Bruce Springsteen,High Hopes (2014),BTS,MAP OF THE SOUL : 7 (2020),42.1
Bruce Springsteen,Western Stars (2019),BTS,ARIRANG (2026),41.7
Queen,Flash Gordon (1980),Queen,Hot Space (1982),41.2
Queen,News of the World (1977),Kodak Black,Trill Bill (2024),40.9
Queen,The Game (1980),Taylor Swift,The Vault (deluxe) (2021),40.9
Bruce Springsteen,High Hopes (2014),Taylor Swift,Lover (2019),40.9
Bruce Springsteen,Born to Run (1975),Bruce Springsteen,Darkness on the Edge of Town (1978),40.8
BTS,ARIRANG (2026),Taylor Swift,reputation (2017),40.8
Bruce Springsteen,Darkness on the Edge of Town (1978),Taylor Swift,Speak Now (2010),40.7
Bruce Springsteen,Tunnel of Love (1987),BTS,ARIRANG (2026),40.5
Queen,Jazz (1978),Bruce Springsteen,Tunnel of Love (1987),40.4
Queen,Made in Heaven (1995),Taylor Swift,Fearless (2008),40.1
Bruce Springsteen,"The Wild, the Innocent & The E Street Shuffle (1973)",Bruce Springsteen,We Shall Overcome: The Seeger Sessions (2006),39.8
Queen,The Miracle (1989),Bruce Springsteen,Letter to You (2020),39.7
Bruce Springsteen,We Shall Overcome: The Seeger Sessions (2006),Kodak Black,Trill Bill (2024),39.7
Bruce Springsteen,High Hopes (2014),Taylor Swift,folklore (2020),39.7
Queen,News of the World (1977),Taylor Swift,Speak Now (2010),39.4
Queen,Jazz (1978),Bruce Springsteen,Darkness on the Edge of Town (1978),39.4
Bruce Springsteen,Born to Run (1975),Bruce Springsteen,Letter to You (2020),39.2
Bruce Springsteen,Tunnel of Love (1987),Kodak Black,Just Getting Started (2025),38.8
BTS,MAP OF THE SOUL : 7 〜 THE JOURNEY 〜 (2020),Taylor Swift,reputation (2017),38.4
Queen,Queen (1973),Kodak Black,Just Getting Started (2025),38.1
Queen,Sheer Heart Attack (1974),Bruce Springsteen,Tunnel of Love (1987),38.0
Bruce Springsteen,Born to Run (1975),BTS,MAP OF THE SOUL : 7 〜 THE JOURNEY 〜 (2020),38.0
Queen,The Game (1980),Taylor Swift,folklore (2020),37.8
Queen,Queen (1973),Queen,Made in Heaven (1995),37.7
Bruce Springsteen,Darkness on the Edge of Town (1978),BTS,ARIRANG (2026),37.6
Queen,News of the World (1977),Taylor Swift,1989 (2014),37.5
Queen,Jazz (1978),Taylor Swift,folklore (2020),37.5
Bruce Springsteen,We Shall Overcome: The Seeger Sessions (2006),Taylor Swift,Red (Taylor’s Version) (2021),37.5
Queen,The Game (1980),Bruce Springsteen,Tunnel of Love (1987),37.4
Bruce Springsteen,Born to Run (1975),BTS,ARIRANG (2026),37.4
Bruce Springsteen,Tunnel of Love (1987),Kodak Black,Vulture Love Presents: The Last Zombies on Earth (2024),37.2
Queen,News of the World (1977),Queen,Made in Heaven (1995),36.9
Queen,News of the World (1977),Taylor Swift,Lover (2019),36.7
Taylor Swift,Red (2012),Taylor Swift,reputation (2017),36.4
Queen,A Night at the Opera (1975),Queen,News of the World (1977),36.3
Queen,News of the World (1977),Taylor Swift,Fearless (2008),36.3
Queen,Innuendo (1991),Bruce Springsteen,Letter to You (2020),36.0
Queen,Queen (1973),Bruce Springsteen,Nebraska (1982),35.8
Queen,News of the World (1977),BTS,MAP OF THE SOUL : 7 (2020),35.5
Queen,Jazz (1978),Taylor Swift,The Vault (deluxe) (2021),35.4
Kodak Black,Vulture Love Presents: The Last Zombies on Earth (2024),Taylor Swift,reputation (2017),35.4
Queen,News of the World (1977),Queen,The Game (1980),35.2
Bruce Springsteen,"The Wild, the Innocent & The E Street Shuffle (1973)",Bruce Springsteen,Western Stars (2019),35.2
Bruce Springsteen,Tunnel of Love (1987),Kodak Black,Trill Bill (2024),35.0
Queen,News of the World (1977),Bruce Springsteen,The River (1980),34.9
Queen,The Game (1980),Bruce Springsteen,Darkness on the Edge of Town (1978),34.7
Bruce Springsteen,Western Stars (2019),Kodak Black,Trill Bill (2024),34.5
Queen,Sheer Heart Attack (1974),Bruce Springsteen,We Shall Overcome: The Seeger Sessions (2006),34.1
Queen,Jazz (1978),Bruce Springsteen,Born to Run (1975),34.0
Kodak Black,Just Getting Started (2025),Taylor Swift,reputation (2017),33.8
Queen,Queen (1973),Taylor Swift,Red (2012),33.6
Bruce Springsteen,Darkness on the Edge of Town (1978),BTS,WINGS (2016),33.6
Bruce Springsteen,The River (1980),Bruce Springsteen,Tunnel of Love (1987),33.6
Bruce Springsteen,Tunnel of Love (1987),Taylor Swift,Taylor Swift (2006),33.6
Queen,News of the World (1977),Queen,A Kind of Magic (1986),33.3
Queen,News of the World (1977),Kodak Black,Vulture Love Presents: The Last Zombies on Earth (2024),33.3
Kodak Black,Trill Bill (2024),Taylor Swift,reputation (2017),33.2
Queen,Queen (1973),BTS,ARIRANG (2026),33.1
Bruce Springsteen,Darkness on the Edge of Town (1978),Taylor Swift,Lover (2019),33.1
Queen,News of the World (1977),Taylor Swift,The Vault (deluxe) (2021),32.8
Queen,News of the World (1977),Bruce Springsteen,"Greetings From Asbury Park, N.J. (1973)",32.7
Queen,A Kind of Magic (1986),Bruce Springsteen,Darkness on the Edge of Town (1978),32.6
Bruce Springsteen,Tunnel of Love (1987),BTS,DARK&WILD (2014),32.6
Bruce Springsteen,Letter to You (2020),Taylor Swift,1989 (2014),32.5
Queen,Queen (1973),Queen,The Works (1984),32.4
Queen,Jazz (1978),Bruce Springsteen,Western Stars (2019),32.4
Bruce Springsteen,Darkness on the Edge of Town (1978),Kodak Black,Vulture Love Presents: The Last Zombies on Earth (2024),32.4
Queen,Queen (1973),BTS,MAP OF THE SOUL : 7 〜 THE JOURNEY 〜 (2020),32.3
Queen,Sheer Heart Attack (1974),Taylor Swift,reputation (2017),32.2
Bruce Springsteen,Born to Run (1975),Kodak Black,Just Getting Started (2025),32.0
Bruce Springsteen,Devils & Dust (2005),Bruce Springsteen,We Shall Overcome: The Seeger Sessions (2006),31.9
Bruce Springsteen,The River (1980),Bruce Springsteen,Western Stars (2019),31.8
Queen,Made in Heaven (1995),Taylor Swift,1989 (2014),31.7
Queen,Innuendo (1991),BTS,ARIRANG (2026),31.4
Bruce Springsteen,"Greetings From Asbury Park, N.J. (1973)",Bruce Springsteen,Darkness on the Edge of Town (1978),31.4
Taylor Swift,1989 (2014),Taylor Swift,The Vault (deluxe) (2021),31.4
Queen,News of the World (1977),Bruce Springsteen,Human Touch (1992),31.3
Queen,Queen (1973),Taylor Swift,Speak Now (2010),30.9
Queen,Innuendo (1991),BTS,MAP OF THE SOUL : 7 〜 THE JOURNEY 〜 (2020),30.7
Queen,The Miracle (1989),Bruce Springsteen,Darkness on the Edge of Town (1978),30.6
Queen,Queen (1973),Bruce Springsteen,Tunnel of Love (1987),30.5
Queen,Sheer Heart Attack (1974),Bruce Springsteen,Born to Run (1975),30.4
Queen,Queen (1973),Queen,Sheer Heart Attack (1974),30.0
Taylor Swift,Red (2012),Taylor Swift,folklore (2020),30.0
BTS,WINGS (2016),BTS,MAP OF THE SOUL : 7 〜 THE JOURNEY 〜 (2020),29.8
Bruce Springsteen,Born to Run (1975),Kodak Black,Vulture Love Presents: The Last Zombies on Earth (2024),29.7
Bruce Springsteen,Tunnel of Love (1987),Taylor Swift,Red (2012),29.7
Queen,Queen (1973),Kodak Black,Vulture Love Presents: The Last Zombies on Earth (2024),29.6
Queen,Made in Heaven (1995),Bruce Springsteen,Darkness on the Edge of Town (1978),29.6
BTS,DARK&WILD (2014),Taylor Swift,reputation (2017),29.6
Queen,A Night at the Opera (1975),Bruce Springsteen,Darkness on the Edge of Town (1978),29.5
Queen,A Kind of Magic (1986),Bruce Springsteen,Western Stars (2019),29.4
Taylor Swift,Red (2012),Taylor Swift,The Vault (deluxe) (2021),29.4
Queen,A Kind of Magic (1986),Bruce Springsteen,Tunnel of Love (1987),29.3
Queen,A Kind of Magic (1986),Bruce Springsteen,We Shall Overcome: The Seeger Sessions (2006),29.3
Queen,A Day at the Races (1976),Bruce Springsteen,Tunnel of Love (1987),29.2
Bruce Springsteen,"Greetings From Asbury Park, N.J. (1973)",Bruce Springsteen,Tunnel of Love (1987),29.2
Bruce Springsteen,The River (1980),Bruce Springsteen,We Shall Overcome: The Seeger Sessions (2006),29.1
Queen,Queen (1973),Queen,A Kind of Magic (1986),29.0
Queen,Queen (1973),BTS,DARK&WILD (2014),29.0
Queen,The Miracle (1989),Bruce Springsteen,Tunnel of Love (1987),29.0
Bruce Springsteen,Darkness on the Edge of Town (1978),Bruce Springsteen,Human Touch (1992),29.0
Queen,Queen (1973),Bruce Springsteen,Born to Run (1975),28.9
Queen,Queen (1973),Bruce Springsteen,High Hopes (2014),28.8
Queen,Queen (1973),Queen,Innuendo (1991),28.7
Bruce Springsteen,"Greetings From Asbury Park, N.J. (1973)",Bruce Springsteen,We Shall Overcome: The Seeger Sessions (2006),28.6
Queen,Queen (1973),Queen,Queen II (1974),28.5
Queen,Queen II (1974),Bruce Springsteen,Tunnel of Love (1987),28.5
Taylor Swift,Taylor Swift (2006),Taylor Swift,Speak Now (2010),28.4
Queen,Queen (1973),Queen,A Day at the Races (1976),28.3
Queen,Queen (1973),Queen,The Game (1980),28.3
Queen,The Game (1980),Bruce Springsteen,Born to Run (1975),28.3
Queen,News of the World (1977),Kodak Black,Just Getting Started (2025),28.2
Bruce Springsteen,Tunnel of Love (1987),Kodak Black,Kodak The Blessing (2026),28.2
Queen,Queen (1973),Kodak Black,Kodak The Blessing (2026),28.0
Queen,Queen (1973),Queen,Jazz (1978),27.9
Bruce Springsteen,Darkness on the Edge of Town (1978),BTS,MAP OF THE SOUL : 7 (2020),27.7
Bruce Springsteen,Tunnel of Love (1987),Bruce Springsteen,Devils & Dust (2005),27.7
Queen,Made in Heaven (1995),Taylor Swift,folklore (2020),27.6
Taylor Swift,reputation (2017),Taylor Swift,Red (Taylor’s Version) (2021),27.6
Queen,Queen (1973),Bruce Springsteen,Devils & Dust (2005),27.5
Bruce Springsteen,High Hopes (2014),Bruce Springsteen,Western Stars (2019),27.5
Queen,News of the World (1977),BTS,MAP OF THE SOUL : 7 〜 THE JOURNEY 〜 (2020),27.3
Queen,A Kind of Magic (1986),Taylor Swift,reputation (2017),27.3
Bruce Springsteen,Darkness on the Edge of Town (1978),Bruce Springsteen,Devils & Dust (2005),27.3
Taylor Swift,Taylor Swift (2006),Taylor Swift,reputation (2017),27.3
Taylor Swift,Red (Taylor’s Version) (2021),Taylor Swift,The Vault (deluxe) (2021),27.3
Queen,Sheer Heart Attack (1974),Bruce Springsteen,Darkness on the Edge of Town (1978),27.2
Bruce Springsteen,"Greetings From Asbury Park, N.J. (1973)",Taylor Swift,reputation (2017),27.2
Bruce Springsteen,Born to Run (1975),Taylor Swift,Red (2012),27.2
Queen,Queen (1973),BTS,WINGS (2016),27.1
Bruce Springsteen,The River (1980),Taylor Swift,reputation (2017),27.1
Queen,Queen (1973),Taylor Swift,reputation (2017),27.0
Queen,Queen (1973),Taylor Swift,evermore (2020),26.9
Bruce Springsteen,"Greetings From Asbury Park, N.J. (1973)",Bruce Springsteen,Western Stars (2019),26.7
Bruce Springsteen,Born to Run (1975),Kodak Black,Trill Bill (2024),26.7
Queen,Queen (1973),Bruce Springsteen,"Greetings From Asbury Park, N.J. (1973)",26.5
Queen,Jazz (1978),Queen,Innuendo (1991),26.5
Queen,Sheer Heart Attack (1974),Queen,News of the World (1977),26.3
Queen,News of the World (1977),BTS,DARK&WILD (2014),26.3
Bruce Springsteen,Letter to You (2020),Taylor Swift,Speak Now (2010),26.3
Queen,News of the World (1977),Queen,The Miracle (1989),26.2
Queen,Queen (1973),Kodak Black,Trill Bill (2024),25.9
BTS,WINGS (2016),BTS,ARIRANG (2026),25.7
Queen,News of the World (1977),Bruce Springsteen,Devils & Dust (2005),25.6
Bruce Springsteen,Born to Run (1975),Taylor Swift,Taylor Swift (2006),25.6
Bruce Springsteen,Letter to You (2020),BTS,WINGS (2016),25.6
Queen,Queen (1973),Bruce Springsteen,The River (1980),25.5
Bruce Springsteen,Born to Run (1975),BTS,DARK&WILD (2014),25.5
Bruce Springsteen,We Shall Overcome: The Seeger Sessions (2006),BTS,ARIRANG (2026),25.4
Queen,A Day at the Races (1976),Taylor Swift,reputation (2017),25.3
Queen,News of the World (1977),Kodak Black,Kodak The Blessing (2026),25.3
Queen,Queen (1973),Queen,The Miracle (1989),25.1
Queen,Innuendo (1991),Taylor Swift,Taylor Swift (2006),25.1
Queen,Innuendo (1991),Kodak Black,Just Getting Started (2025),25.0
Bruce Springsteen,We Shall Overcome: The Seeger Sessions (2006),Taylor Swift,Taylor Swift (2006),25.0
Bruce Springsteen,Tunnel of Love (1987),Taylor Swift,The Vault (deluxe) (2021),24.8
Bruce Springsteen,We Shall Overcome: The Seeger Sessions (2006),Kodak Black,Kodak The Blessing (2026),24.7
Queen,Queen (1973),Taylor Swift,Lover (2019),24.5
Queen,The Works (1984),Bruce Springsteen,We Shall Overcome: The Seeger Sessions (2006),24.5
Bruce Springsteen,Darkness on the Edge of Town (1978),Kodak Black,Just Getting Started (2025),24.4
Queen,Queen (1973),Queen,A Night at the Opera (1975),24.2
Queen,Queen II (1974),Taylor Swift,reputation (2017),24.1
Bruce Springsteen,Darkness on the Edge of Town (1978),BTS,MAP OF THE SOUL : 7 〜 THE JOURNEY 〜 (2020),24.1
Taylor Swift,folklore (2020),Taylor Swift,Red (Taylor’s Version) (2021),24.1
Bruce Springsteen,Nebraska (1982),Bruce Springsteen,Western Stars (2019),24.0
Queen,Queen (1973),BTS,MAP OF THE SOUL : 7 (2020),23.9
Queen,Innuendo (1991),Taylor Swift,Red (2012),23.7
Queen,A Day at the Races (1976),Bruce Springsteen,We Shall Overcome: The Seeger Sessions (2006),23.6
Queen,A Kind of Magic (1986),Bruce Springsteen,Born to Run (1975),23.6
Bruce Springsteen,Darkness on the Edge of Town (1978),Kodak Black,Kodak The Blessing (2026),23.6
Queen,Sheer Heart Attack (1974),Queen,Innuendo (1991),23.5
Bruce Springsteen,We Shall Overcome: The Seeger Sessions (2006),BTS,DARK&WILD (2014),23.5
Bruce Springsteen,Born to Run (1975),Bruce Springsteen,The River (1980),23.4
Bruce Springsteen,Darkness on the Edge of Town (1978),BTS,DARK&WILD (2014),23.4
Kodak Black,Kodak The Blessing (2026),Taylor Swift,reputation (2017),23.4
Bruce Springsteen,High Hopes (2014),Taylor Swift,The Vault (deluxe) (2021),23.3
Kodak Black,Trill Bill (2024),Taylor Swift,1989 (2014),23.3
Bruce Springsteen,Western Stars (2019),Taylor Swift,folklore (2020),23.1
Queen,Queen II (1974),Bruce Springsteen,We Shall Overcome: The Seeger Sessions (2006),23.0
BTS,MAP OF THE SOUL : 7 〜 THE JOURNEY 〜 (2020),Taylor Swift,Speak Now (2010),23.0
Bruce Springsteen,Devils & Dust (2005),Taylor Swift,reputation (2017),22.9
Bruce Springsteen,We Shall Overcome: The Seeger Sessions (2006),Kodak Black,Vulture Love Presents: The Last Zombies on Earth (2024),22.9
BTS,WINGS (2016),Kodak Black,Just Getting Started (2025),22.9
Queen,A Day at the Races (1976),Bruce Springsteen,Darkness on the Edge of Town (1978),22.8
Bruce Springsteen,The River (1980),Taylor Swift,Fearless (2008),22.8
Queen,A Day at the Races (1976),Queen,News of the World (1977),22.6
Queen,The Miracle (1989),Taylor Swift,reputation (2017),22.6
Bruce Springsteen,"Greetings From Asbury Park, N.J. (1973)",Bruce Springsteen,Born to Run (1975),22.6
Bruce Springsteen,We Shall Overcome: The Seeger Sessions (2006),Kodak Black,Just Getting Started (2025),22.6
Bruce Springsteen,Western Stars (2019),Kodak Black,Vulture Love Presents: The Last Zombies on Earth (2024),22.5
Queen,Innuendo (1991),Kodak Black,Vulture Love Presents: The Last Zombies on Earth (2024),22.4
Bruce Springsteen,Tunnel of Love (1987),Taylor Swift,Red (Taylor’s Version) (2021),22.4
Queen,Queen II (1974),Queen,News of the World (1977),22.3
Queen,Sheer Heart Attack (1974),BTS,WINGS (2016),22.1
Kodak Black,Trill Bill (2024),Taylor Swift,Fearless (2008),22.0
Queen,The Miracle (1989),Bruce Springsteen,Western Stars (2019),21.9
Queen,Innuendo (1991),Kodak Black,Trill Bill (2024),21.8
Bruce Springsteen,"The Wild, the Innocent & The E Street Shuffle (1973)",Bruce Springsteen,Tunnel of Love (1987),21.7
Queen,Queen II (1974),Bruce Springsteen,Darkness on the Edge of Town (1978),21.6
Bruce Springsteen,We Shall Overcome: The Seeger Sessions (2006),Taylor Swift,evermore (2020),21.6
Queen,A Day at the Races (1976),Bruce Springsteen,Born to Run (1975),21.5
Bruce Springsteen,Nebraska (1982),Bruce Springsteen,We Shall Overcome: The Seeger Sessions (2006),21.5
Bruce Springsteen,We Shall Overcome: The Seeger Sessions (2006),BTS,MAP OF THE SOUL : 7 〜 THE JOURNEY 〜 (2020),21.5
Queen,Jazz (1978),BTS,WINGS (2016),21.3
Queen,The Miracle (1989),Taylor Swift,Fearless (2008),21.3
Queen,Queen II (1974),Bruce Springsteen,Born to Run (1975),21.2
BTS,ARIRANG (2026),Taylor Swift,folklore (2020),21.2
Bruce Springsteen,Letter to You (2020),Taylor Swift,Lover (2019),21.1
Bruce Springsteen,Born to Run (1975),Kodak Black,Kodak The Blessing (2026),21.0
Bruce Springsteen,Human Touch (1992),Bruce Springsteen,Western Stars (2019),20.9
Queen,Queen (1973),Taylor Swift,Fearless (2008),20.8
Bruce Springsteen,"The Wild, the Innocent & The E Street Shuffle (1973)",Taylor Swift,reputation (2017),20.8
Bruce Springsteen,Western Stars (2019),Taylor Swift,reputation (2017),20.6
Queen,The Game (1980),Queen,Innuendo (1991),20.4
Bruce Springsteen,Born to Run (1975),Bruce Springsteen,Devils & Dust (2005),20.4
Queen,The Miracle (1989),Bruce Springsteen,Born to Run (1975),20.3
Bruce Springsteen,The River (1980),Taylor Swift,1989 (2014),20.3
Queen,The Works (1984),Taylor Swift,The Vault (deluxe) (2021),20.2
Queen,Innuendo (1991),Bruce Springsteen,Western Stars (2019),20.1
BTS,ARIRANG (2026),Taylor Swift,Speak Now (2010),19.8
Queen,Jazz (1978),Bruce Springsteen,We Shall Overcome: The Seeger Sessions (2006),19.7
Queen,The Game (1980),Bruce Springsteen,We Shall Overcome: The Seeger Sessions (2006),19.7
Queen,The Game (1980),Bruce Springsteen,Western Stars (2019),19.5
Bruce Springsteen,Born to Run (1975),Taylor Swift,Red (Taylor’s Version) (2021),19.5
Bruce Springsteen,Tunnel of Love (1987),Bruce Springsteen,Human Touch (1992),19.5
BTS,WINGS (2016),Kodak Black,Vulture Love Presents: The Last Zombies on Earth (2024),19.3
Queen,Queen (1973),Bruce Springsteen,"The Wild, the Innocent & The E Street Shuffle (1973)",19.2
BTS,WINGS (2016),Taylor Swift,Taylor Swift (2006),19.2
Queen,Innuendo (1991),Bruce Springsteen,The River (1980),18.9
Kodak Black,Trill Bill (2024),Taylor Swift,folklore (2020),18.9
Kodak Black,Trill Bill (2024),Taylor Swift,The Vault (deluxe) (2021),18.9
Queen,Queen (1973),Taylor Swift,Taylor Swift (2006),18.6
Queen,Sheer Heart Attack (1974),Taylor Swift,Speak Now (2010),18.4
Bruce Springsteen,"The Wild, the Innocent & The E Street Shuffle (1973)",Bruce Springsteen,Born to Run (1975),18.3
Queen,Queen (1973),Bruce Springsteen,Human Touch (1992),18.2
Queen,A Night at the Opera (1975),BTS,MAP OF THE SOUL : 7 〜 THE JOURNEY 〜 (2020),18.2
Taylor Swift,Speak Now (2010),Taylor Swift,Red (2012),18.2
Queen,Innuendo (1991),Taylor Swift,Red (Taylor’s Version) (2021),18.1
BTS,MAP OF THE SOUL : 7 (2020),BTS,MAP OF THE SOUL : 7 〜 THE JOURNEY 〜 (2020),18.1
Kodak Black,Trill Bill (2024),Taylor Swift,Speak Now (2010),18.0
Queen,Queen (1973),Taylor Swift,1989 (2014),17.9
Queen,Innuendo (1991),BTS,DARK&WILD (2014),17.9
Queen,Made in Heaven (1995),Bruce Springsteen,We Shall Overcome: The Seeger Sessions (2006),17.8
Bruce Springsteen,Born to Run (1975),Bruce Springsteen,Western Stars (2019),17.7
Bruce Springsteen,Human Touch (1992),Taylor Swift,reputation (2017),17.6
Bruce Springsteen,Born to Run (1975),Taylor Swift,The Vault (deluxe) (2021),17.4
Taylor Swift,Taylor Swift (2006),Taylor Swift,Lover (2019),17.2
Queen,A Kind of Magic (1986),Queen,Innuendo (1991),17.1
Bruce Springsteen,Western Stars (2019),Taylor Swift,Fearless (2008),17.1
Bruce Springsteen,Letter to You (2020),Taylor Swift,Fearless (2008),17.0
BTS,WINGS (2016),Kodak Black,Trill Bill (2024),17.0
Kodak Black,Vulture Love Presents: The Last Zombies on Earth (2024),Taylor Swift,folklore (2020),17.0
Kodak Black,Just Getting Started (2025),Taylor Swift,Speak Now (2010),16.9
Queen,Queen (1973),Bruce Springsteen,Letter to You (2020),16.8
Bruce Springsteen,Darkness on the Edge of Town (1978),Bruce Springsteen,We Shall Overcome: The Seeger Sessions (2006),16.8
BTS,MAP OF THE SOUL : 7 〜 THE JOURNEY 〜 (2020),Taylor Swift,Fearless (2008),16.8
Queen,The Game (1980),BTS,WINGS (2016),16.4
Taylor Swift,Speak Now (2010),Taylor Swift,Red (Taylor’s Version) (2021),16.3
Queen,The Miracle (1989),Queen,Innuendo (1991),16.2
Queen,Innuendo (1991),Bruce Springsteen,"Greetings From Asbury Park, N.J. (1973)",16.2
Bruce Springsteen,The River (1980),Taylor Swift,Speak Now (2010),16.2
Bruce Springsteen,We Shall Overcome: The Seeger Sessions (2006),Taylor Swift,Red (2012),16.2
BTS,MAP OF THE SOUL : 7 〜 THE JOURNEY 〜 (2020),Taylor Swift,Lover (2019),16.2
Queen,Hot Space (1982),Taylor Swift,The Vault (deluxe) (2021),16.1
Queen,Jazz (1978),Taylor Swift,Speak Now (2010),16.0
Bruce Springsteen,We Shall Overcome: The Seeger Sessions (2006),Taylor Swift,Fearless (2008),16.0
BTS,DARK&WILD (2014),BTS,WINGS (2016),15.9
Bruce Springsteen,Born to Run (1975),Bruce Springsteen,Human Touch (1992),15.8
Bruce Springsteen,Western Stars (2019),Kodak Black,Just Getting Started (2025),15.6
Queen,Queen (1973),Taylor Swift,Red (Taylor’s Version) (2021),15.5
Queen,Innuendo (1991),Bruce Springsteen,"The Wild, the Innocent & The E Street Shuffle (1973)",15.4
Bruce Springsteen,Western Stars (2019),BTS,DARK&WILD (2014),15.4
Bruce Springsteen,Nebraska (1982),Taylor Swift,The Vault (deluxe) (2021),15.3
Queen,Sheer Heart Attack (1974),Taylor Swift,Fearless (2008),15.2
Bruce Springsteen,The River (1980),BTS,WINGS (2016),14.9
Taylor Swift,Taylor Swift (2006),Taylor Swift,folklore (2020),14.9
Queen,Queen (1973),Queen,News of the World (1977),14.8
Queen,Hot Space (1982),Bruce Springsteen,Letter to You (2020),14.8
Queen,A Night at the Opera (1975),Bruce Springsteen,Letter to You (2020),14.7
Queen,News of the World (1977),Bruce Springsteen,We Shall Overcome: The Seeger Sessions (2006),14.7
BTS,WINGS (2016),Taylor Swift,Red (2012),14.7
Queen,Hot Space (1982),Taylor Swift,folklore (2020),14.5
Queen,Innuendo (1991),Taylor Swift,The Vault (deluxe) (2021),14.5
Queen,Jazz (1978),Taylor Swift,1989 (2014),14.3
Kodak Black,Vulture Love Presents: The Last Zombies on Earth (2024),Taylor Swift,Speak Now (2010),14.3
Kodak Black,Vulture Love Presents: The Last Zombies on Earth (2024),Taylor Swift,The Vault (deluxe) (2021),14.3
Bruce Springsteen,Western Stars (2019),Kodak Black,Kodak The Blessing (2026),14.2
Bruce Springsteen,Western Stars (2019),Taylor Swift,The Vault (deluxe) (2021),14.0
Taylor Swift,Speak Now (2010),Taylor Swift,The Vault (deluxe) (2021),14.0
Queen,A Night at the Opera (1975),Taylor Swift,Taylor Swift (2006),13.9
Queen,Queen (1973),Taylor Swift,folklore (2020),13.8
Queen,A Day at the Races (1976),Queen,Innuendo (1991),13.8
Queen,Queen II (1974),Queen,Innuendo (1991),13.6
Queen,Innuendo (1991),Kodak Black,Kodak The Blessing (2026),13.6
Queen,Innuendo (1991),Bruce Springsteen,Devils & Dust (2005),13.4
Queen,A Day at the Races (1976),Bruce Springsteen,Western Stars (2019),13.3
Bruce Springsteen,Letter to You (2020),BTS,MAP OF THE SOUL : 7 (2020),13.3
Queen,The Game (1980),Taylor Swift,1989 (2014),13.2
Bruce Springsteen,We Shall Overcome: The Seeger Sessions (2006),Bruce Springsteen,Letter to You (2020),13.2
Taylor Swift,Taylor Swift (2006),Taylor Swift,The Vault (deluxe) (2021),13.2
Taylor Swift,Fearless (2008),Taylor Swift,Red (Taylor’s Version) (2021),13.2
Queen,A Kind of Magic (1986),BTS,WINGS (2016),13.1
Queen,Queen (1973),Bruce Springsteen,Darkness on the Edge of Town (1978),13.0
Queen,Queen II (1974),Bruce Springsteen,Western Stars (2019),13.0
BTS,MAP OF THE SOUL : 7 (2020),Taylor Swift,Taylor Swift (2006),13.0
BTS,MAP OF THE SOUL : 7 〜 THE JOURNEY 〜 (2020),Taylor Swift,1989 (2014),12.9
BTS,ARIRANG (2026),Taylor Swift,Lover (2019),12.9
Queen,The Miracle (1989),BTS,WINGS (2016),12.8
Bruce Springsteen,Devils & Dust (2005),Bruce Springsteen,Western Stars (2019),12.8
Taylor Swift,Lover (2019),Taylor Swift,The Vault (deluxe) (2021),12.8
Queen,Innuendo (1991),Bruce Springsteen,Human Touch (1992),12.7
Taylor Swift,1989 (2014),Taylor Swift,Red (Taylor’s Version) (2021),12.7
Bruce Springsteen,"Greetings From Asbury Park, N.J. (1973)",BTS,WINGS (2016),12.6
Queen,Sheer Heart Attack (1974),Bruce Springsteen,Western Stars (2019),12.5
Queen,Made in Heaven (1995),Bruce Springsteen,Western Stars (2019),12.4
Queen,A Night at the Opera (1975),BTS,ARIRANG (2026),12.3
Queen,Hot Space (1982),Bruce Springsteen,Darkness on the Edge of Town (1978),12.3
Bruce Springsteen,Tunnel of Love (1987),Bruce Springsteen,Western Stars (2019),12.3
Queen,A Day at the Races (1976),BTS,WINGS (2016),12.2
Queen,Queen II (1974),BTS,WINGS (2016),12.1
Queen,The Game (1980),Taylor Swift,Speak Now (2010),12.1
BTS,WINGS (2016),Kodak Black,Kodak The Blessing (2026),12.0
BTS,MAP OF THE SOUL : 7 (2020),BTS,ARIRANG (2026),12.0
BTS,MAP OF THE SOUL : 7 〜 THE JOURNEY 〜 (2020),Taylor Swift,folklore (2020),12.0
BTS,ARIRANG (2026),Taylor Swift,Fearless (2008),12.0
Queen,Hot Space (1982),Taylor Swift,evermore (2020),11.9
Queen,Sheer Heart Attack (1974),Taylor Swift,1989 (2014),11.7
Bruce Springsteen,Devils & Dust (2005),BTS,WINGS (2016),11.7
Queen,The Miracle (1989),Taylor Swift,Speak Now (2010),11.6
Bruce Springsteen,Human Touch (1992),Taylor Swift,Speak Now (2010),11.6
Queen,Hot Space (1982),Bruce Springsteen,Nebraska (1982),11.5
BTS,ARIRANG (2026),Taylor Swift,1989 (2014),11.5
Bruce Springsteen,Western Stars (2019),BTS,MAP OF THE SOUL : 7 〜 THE JOURNEY 〜 (2020),11.4
BTS,ARIRANG (2026),Taylor Swift,The Vault (deluxe) (2021),11.3
Taylor Swift,Red (2012),Taylor Swift,1989 (2014),11.3
Queen,Sheer Heart Attack (1974),Queen,A Night at the Opera (1975),11.1
Bruce Springsteen,The River (1980),Taylor Swift,The Vault (deluxe) (2021),11.1
Queen,Hot Space (1982),Taylor Swift,Taylor Swift (2006),11.0
BTS,MAP OF THE SOUL : 7 (2020),Kodak Black,Just Getting Started (2025),11.0
Queen,A Night at the Opera (1975),Kodak Black,Just Getting Started (2025),10.9
Bruce Springsteen,"The Wild, the Innocent & The E Street Shuffle (1973)",Taylor Swift,Fearless (2008),10.7
Kodak Black,Just Getting Started (2025),Taylor Swift,Lover (2019),10.7
Queen,Sheer Heart Attack (1974),BTS,MAP OF THE SOUL : 7 (2020),10.6
Queen,News of the World (1977),Queen,Hot Space (1982),10.6
BTS,DARK&WILD (2014),Taylor Swift,Speak Now (2010),10.5
Kodak Black,Just Getting Started (2025),Taylor Swift,Fearless (2008),10.5
Kodak Black,Just Getting Started (2025),Taylor Swift,folklore (2020),10.4
Queen,Jazz (1978),Taylor Swift,Lover (2019),10.3
Queen,Hot Space (1982),Taylor Swift,Red (2012),10.3
Queen,The Miracle (1989),Taylor Swift,1989 (2014),10.3
Bruce Springsteen,"Greetings From Asbury Park, N.J. (1973)",Taylor Swift,folklore (2020),10.3
BTS,WINGS (2016),Taylor Swift,Red (Taylor’s Version) (2021),10.2
Queen,Sheer Heart Attack (1974),Taylor Swift,Lover (2019),10.1
Bruce Springsteen,"The Wild, the Innocent & The E Street Shuffle (1973)",Taylor Swift,Speak Now (2010),10.0
Bruce Springsteen,The River (1980),Taylor Swift,folklore (2020),10.0
Queen,A Kind of Magic (1986),Taylor Swift,Speak Now (2010),9.9
Bruce Springsteen,"The Wild, the Innocent & The E Street Shuffle (1973)",BTS,WINGS (2016),9.9
Queen,Hot Space (1982),Taylor Swift,reputation (2017),9.8
Bruce Springsteen,"Greetings From Asbury Park, N.J. (1973)",Taylor Swift,The Vault (deluxe) (2021),9.8
Kodak Black,Vulture Love Presents: The Last Zombies on Earth (2024),Taylor Swift,1989 (2014),9.8
BTS,DARK&WILD (2014),Taylor Swift,folklore (2020),9.6
Queen,Hot Space (1982),Taylor Swift,Red (Taylor’s Version) (2021),9.3
Kodak Black,Vulture Love Presents: The Last Zombies on Earth (2024),Taylor Swift,Fearless (2008),9.2
Queen,Flash Gordon (1980),Bruce Springsteen,We Shall Overcome: The Seeger Sessions (2006),9.1
Taylor Swift,Fearless (2008),Taylor Swift,Red (2012),9.1
Queen,Sheer Heart Attack (1974),Taylor Swift,folklore (2020),9.0
BTS,WINGS (2016),Taylor Swift,The Vault (deluxe) (2021),9.0
Queen,A Kind of Magic (1986),Taylor Swift,folklore (2020),8.9
Bruce Springsteen,Western Stars (2019),Taylor Swift,1989 (2014),8.9
Bruce Springsteen,"Greetings From Asbury Park, N.J. (1973)",Taylor Swift,Speak Now (2010),8.8
Bruce Springsteen,Human Touch (1992),BTS,WINGS (2016),8.7
Queen,Flash Gordon (1980),Queen,A Kind of Magic (1986),8.6
Kodak Black,Trill Bill (2024),Taylor Swift,Lover (2019),8.6
Kodak Black,Just Getting Started (2025),Taylor Swift,1989 (2014),8.2
Queen,Hot Space (1982),Bruce Springsteen,Western Stars (2019),8.1
Bruce Springsteen,"The Wild, the Innocent & The E Street Shuffle (1973)",Taylor Swift,folklore (2020),8.0
Bruce Springsteen,Western Stars (2019),BTS,WINGS (2016),7.9
Bruce Springsteen,"The Wild, the Innocent & The E Street Shuffle (1973)",Taylor Swift,1989 (2014),7.8
BTS,DARK&WILD (2014),Taylor Swift,The Vault (deluxe) (2021),7.8
Queen,A Night at the Opera (1975),Queen,Jazz (1978),7.6
Queen,A Day at the Races (1976),Taylor Swift,Speak Now (2010),7.6
Queen,The Game (1980),Taylor Swift,Lover (2019),7.6
Bruce Springsteen,Devils & Dust (2005),Taylor Swift,Speak Now (2010),7.6
Bruce Springsteen,Western Stars (2019),Taylor Swift,Speak Now (2010),7.6
Kodak Black,Vulture Love Presents: The Last Zombies on Earth (2024),Taylor Swift,Lover (2019),7.5
Bruce Springsteen,The River (1980),Taylor Swift,Lover (2019),7.4
Taylor Swift,Red (2012),Taylor Swift,Lover (2019),7.4
Queen,Jazz (1978),Taylor Swift,Fearless (2008),7.3
Queen,A Kind of Magic (1986),Taylor Swift,The Vault (deluxe) (2021),7.3
Bruce Springsteen,Tunnel of Love (1987),Bruce Springsteen,We Shall Overcome: The Seeger Sessions (2006),7.2
Queen,Queen II (1974),Taylor Swift,Speak Now (2010),7.1
Kodak Black,Kodak The Blessing (2026),Taylor Swift,Speak Now (2010),7.1
Queen,Jazz (1978),BTS,MAP OF THE SOUL : 7 (2020),7.0
Queen,Hot Space (1982),Taylor Swift,1989 (2014),6.9
Bruce Springsteen,"The Wild, the Innocent & The E Street Shuffle (1973)",Taylor Swift,The Vault (deluxe) (2021),6.8
Queen,A Kind of Magic (1986),Taylor Swift,Fearless (2008),6.7
Queen,A Night at the Opera (1975),Kodak Black,Vulture Love Presents: The Last Zombies on Earth (2024),6.5
Queen,Flash Gordon (1980),Bruce Springsteen,"Greetings From Asbury Park, N.J. (1973)",6.5
Queen,The Game (1980),Queen,Hot Space (1982),6.5
Queen,A Night at the Opera (1975),Kodak Black,Trill Bill (2024),6.4
Queen,Queen (1973),Bruce Springsteen,We Shall Overcome: The Seeger Sessions (2006),6.3
Queen,Hot Space (1982),Bruce Springsteen,High Hopes (2014),6.3
BTS,MAP OF THE SOUL : 7 (2020),Kodak Black,Vulture Love Presents: The Last Zombies on Earth (2024),6.3
Queen,Jazz (1978),Queen,Hot Space (1982),6.2
Queen,Hot Space (1982),Taylor Swift,Speak Now (2010),6.2
Bruce Springsteen,Western Stars (2019),Taylor Swift,Lover (2019),6.1
Queen,A Day at the Races (1976),Taylor Swift,The Vault (deluxe) (2021),6.0
Bruce Springsteen,Human Touch (1992),Taylor Swift,Fearless (2008),6.0
Taylor Swift,Lover (2019),Taylor Swift,Red (Taylor’s Version) (2021),6.0
Bruce Springsteen,We Shall Overcome: The Seeger Sessions (2006),Taylor Swift,Speak Now (2010),5.9
Queen,Hot Space (1982),Queen,The Works (1984),5.8
Queen,Hot Space (1982),Bruce Springsteen,Tunnel of Love (1987),5.8
Queen,Hot Space (1982),Kodak Black,Trill Bill (2024),5.8
Queen,Hot Space (1982),Bruce Springsteen,"Greetings From Asbury Park, N.J. (1973)",5.7
Queen,A Day at the Races (1976),Taylor Swift,folklore (2020),5.6
BTS,MAP OF THE SOUL : 7 (2020),Kodak Black,Trill Bill (2024),5.5
Queen,The Miracle (1989),Taylor Swift,folklore (2020),5.4
Bruce Springsteen,"Greetings From Asbury Park, N.J. (1973)",Taylor Swift,Fearless (2008),5.4
Bruce Springsteen,We Shall Overcome: The Seeger Sessions (2006),Taylor Swift,reputation (2017),5.4
Queen,Sheer Heart Attack (1974),Queen,Hot Space (1982),5.3
Bruce Springsteen,We Shall Overcome: The Seeger Sessions (2006),Bruce Springsteen,Western Stars (2019),5.2
Taylor Swift,Fearless (2008),Taylor Swift,The Vault (deluxe) (2021),5.1
Queen,Hot Space (1982),Bruce Springsteen,The River (1980),5.0
Bruce Springsteen,Born to Run (1975),Bruce Springsteen,We Shall Overcome: The Seeger Sessions (2006),5.0
Queen,A Night at the Opera (1975),Bruce Springsteen,The River (1980),4.9
Queen,A Night at the Opera (1975),Taylor Swift,The Vault (deluxe) (2021),4.9
Queen,Hot Space (1982),Queen,Innuendo (1991),4.9
Queen,Hot Space (1982),Bruce Springsteen,Born to Run (1975),4.9
Queen,Made in Heaven (1995),Taylor Swift,The Vault (deluxe) (2021),4.9
Queen,Innuendo (1991),Bruce Springsteen,We Shall Overcome: The Seeger Sessions (2006),4.8
Bruce Springsteen,Human Touch (1992),Taylor Swift,The Vault (deluxe) (2021),4.8
Bruce Springsteen,Human Touch (1992),Taylor Swift,folklore (2020),4.6
Kodak Black,Just Getting Started (2025),Taylor Swift,The Vault (deluxe) (2021),4.6
Queen,Sheer Heart Attack (1974),Taylor Swift,The Vault (deluxe) (2021),4.5
Queen,Hot Space (1982),Bruce Springsteen,"The Wild, the Innocent & The E Street Shuffle (1973)",4.5
Bruce Springsteen,The River (1980),BTS,MAP OF THE SOUL : 7 (2020),4.5
Queen,Flash Gordon (1980),Bruce Springsteen,High Hopes (2014),4.4
Queen,The Miracle (1989),Taylor Swift,The Vault (deluxe) (2021),4.4
BTS,DARK&WILD (2014),Taylor Swift,Fearless (2008),4.2
Queen,Hot Space (1982),Taylor Swift,Lover (2019),4.0
Queen,The Miracle (1989),Taylor Swift,Lover (2019),4.0
Bruce Springsteen,"Greetings From Asbury Park, N.J. (1973)",Taylor Swift,1989 (2014),4.0
BTS,DARK&WILD (2014),Taylor Swift,1989 (2014),4.0
Queen,Flash Gordon (1980),Queen,The Miracle (1989),3.9
Queen,The Game (1980),Taylor Swift,Fearless (2008),3.9
Queen,Hot Space (1982),BTS,MAP OF THE SOUL : 7 (2020),3.9
Queen,Hot Space (1982),Taylor Swift,Fearless (2008),3.9
Bruce Springsteen,Devils & Dust (2005),Taylor Swift,Fearless (2008),3.8
BTS,DARK&WILD (2014),Taylor Swift,Lover (2019),3.8
Queen,A Night at the Opera (1975),Queen,The Miracle (1989),3.7
Queen,A Night at the Opera (1975),Queen,The Game (1980),3.6
Queen,Hot Space (1982),BTS,ARIRANG (2026),3.6
Queen,Queen (1973),Bruce Springsteen,Western Stars (2019),3.4
Queen,Queen II (1974),Taylor Swift,folklore (2020),3.4
Queen,A Night at the Opera (1975),BTS,DARK&WILD (2014),3.4
Queen,The Miracle (1989),BTS,MAP OF THE SOUL : 7 (2020),3.4
Queen,Hot Space (1982),BTS,WINGS (2016),3.3
BTS,DARK&WILD (2014),BTS,MAP OF THE SOUL : 7 (2020),3.3
BTS,MAP OF THE SOUL : 7 (2020),Taylor Swift,The Vault (deluxe) (2021),3.3
Queen,Queen II (1974),Taylor Swift,The Vault (deluxe) (2021),3.2
Queen,Queen (1973),Taylor Swift,The Vault (deluxe) (2021),3.1
Bruce Springsteen,We Shall Overcome: The Seeger Sessions (2006),BTS,WINGS (2016),3.1
BTS,MAP OF THE SOUL : 7 〜 THE JOURNEY 〜 (2020),Taylor Swift,The Vault (deluxe) (2021),3.0
Queen,Sheer Heart Attack (1974),Queen,Flash Gordon (1980),2.9
Queen,A Night at the Opera (1975),Queen,Hot Space (1982),2.9
Queen,Flash Gordon (1980),Kodak Black,Trill Bill (2024),2.9
Queen,Flash Gordon (1980),Taylor Swift,Taylor Swift (2006),2.9
Queen,The Game (1980),BTS,MAP OF THE SOUL : 7 (2020),2.9
Queen,Hot Space (1982),Queen,A Kind of Magic (1986),2.9
Queen,Hot Space (1982),Kodak Black,Vulture Love Presents: The Last Zombies on Earth (2024),2.9
Queen,Hot Space (1982),Bruce Springsteen,Human Touch (1992),2.8
Queen,A Day at the Races (1976),Taylor Swift,Fearless (2008),2.7
Queen,A Night at the Opera (1975),Taylor Swift,Red (2012),2.6
Queen,Flash Gordon (1980),Bruce Springsteen,Western Stars (2019),2.5
Queen,Hot Space (1982),Queen,Made in Heaven (1995),2.4
Queen,A Kind of Magic (1986),Taylor Swift,1989 (2014),2.4
Bruce Springsteen,"The Wild, the Innocent & The E Street Shuffle (1973)",Taylor Swift,Lover (2019),2.4
Bruce Springsteen,We Shall Overcome: The Seeger Sessions (2006),Taylor Swift,1989 (2014),2.4
Queen,Queen (1973),Queen,Hot Space (1982),2.3
Queen,A Night at the Opera (1975),Bruce Springsteen,We Shall Overcome: The Seeger Sessions (2006),2.3
Queen,A Day at the Races (1976),Taylor Swift,1989 (2014),2.3
Bruce Springsteen,Devils & Dust (2005),Taylor Swift,folklore (2020),2.3
Bruce Springsteen,Devils & Dust (2005),Taylor Swift,The Vault (deluxe) (2021),2.3
Kodak Black,Kodak The Blessing (2026),Taylor Swift,Fearless (2008),2.3
Kodak Black,Kodak The Blessing (2026),Taylor Swift,folklore (2020),2.3
Queen,Jazz (1978),Queen,Flash Gordon (1980),2.2
Queen,Flash Gordon (1980),Bruce Springsteen,Nebraska (1982),2.2
Queen,Flash Gordon (1980),BTS,MAP OF THE SOUL : 7 〜 THE JOURNEY 〜 (2020),2.2
Queen,Flash Gordon (1980),BTS,ARIRANG (2026),2.2
Queen,Flash Gordon (1980),Taylor Swift,Red (2012),2.2
Queen,A Day at the Races (1976),Queen,Flash Gordon (1980),2.1
Queen,Flash Gordon (1980),Queen,The Game (1980),2.1
Queen,Flash Gordon (1980),Bruce Springsteen,The River (1980),2.1
Queen,Flash Gordon (1980),Kodak Black,Vulture Love Presents: The Last Zombies on Earth (2024),2.1
Queen,Flash Gordon (1980),Taylor Swift,evermore (2020),2.1
Queen,Flash Gordon (1980),Taylor Swift,Red (Taylor’s Version) (2021),2.1
Queen,A Kind of Magic (1986),Taylor Swift,Lover (2019),2.1
Bruce Springsteen,"Greetings From Asbury Park, N.J. (1973)",Taylor Swift,Lover (2019),2.1
Queen,Queen II (1974),Queen,Flash Gordon (1980),2.0
Queen,Flash Gordon (1980),Bruce Springsteen,Human Touch (1992),2.0
Queen,Flash Gordon (1980),Bruce Springsteen,Devils & Dust (2005),2.0
Queen,Flash Gordon (1980),Bruce Springsteen,Letter to You (2020),2.0
Queen,Flash Gordon (1980),BTS,DARK&WILD (2014),2.0
Queen,Flash Gordon (1980),Kodak Black,Just Getting Started (2025),2.0
Queen,Flash Gordon (1980),Kodak Black,Kodak The Blessing (2026),2.0
Queen,Queen II (1974),Taylor Swift,Fearless (2008),1.9
Queen,Flash Gordon (1980),Queen,The Works (1984),1.9
Queen,Flash Gordon (1980),Bruce Springsteen,"The Wild, the Innocent & The E Street Shuffle (1973)",1.9
Queen,Flash Gordon (1980),Bruce Springsteen,Darkness on the Edge of Town (1978),1.9
Queen,Hot Space (1982),Queen,The Miracle (1989),1.9
BTS,MAP OF THE SOUL : 7 (2020),Taylor Swift,Red (2012),1.9
Kodak Black,Kodak The Blessing (2026),Taylor Swift,The Vault (deluxe) (2021),1.9
Queen,A Night at the Opera (1975),Taylor Swift,Red (Taylor’s Version) (2021),1.7
Queen,Flash Gordon (1980),Taylor Swift,Fearless (2008),1.7
Queen,Flash Gordon (1980),Queen,Made in Heaven (1995),1.6
Bruce Springsteen,Human Touch (1992),Taylor Swift,1989 (2014),1.6
Queen,Hot Space (1982),Bruce Springsteen,We Shall Overcome: The Seeger Sessions (2006),1.5
Bruce Springsteen,Human Touch (1992),Taylor Swift,Lover (2019),1.5
Queen,Hot Space (1982),BTS,DARK&WILD (2014),1.3
Queen,A Day at the Races (1976),Queen,Hot Space (1982),1.2
Queen,News of the World (1977),Queen,Flash Gordon (1980),1.2
Queen,Hot Space (1982),Kodak Black,Just Getting Started (2025),1.2
Queen,A Night at the Opera (1975),Bruce Springsteen,"Greetings From Asbury Park, N.J. (1973)",1.0
Queen,Hot Space (1982),BTS,MAP OF THE SOUL : 7 〜 THE JOURNEY 〜 (2020),1.0
Queen,A Night at the Opera (1975),Bruce Springsteen,"The Wild, the Innocent & The E Street Shuffle (1973)",0.9
Queen,A Night at the Opera (1975),Bruce Springsteen,Western Stars (2019),0.9
Queen,Flash Gordon (1980),Taylor Swift,reputation (2017),0.9
Queen,Flash Gordon (1980),Taylor Swift,The Vault (deluxe) (2021),0.9
Queen,Hot Space (1982),Kodak Black,Kodak The Blessing (2026),0.9
Queen,A Day at the Races (1976),Taylor Swift,Lover (2019),0.8
Queen,Flash Gordon (1980),Bruce Springsteen,Tunnel of Love (1987),0.8
Queen,Flash Gordon (1980),Taylor Swift,folklore (2020),0.8
Queen,Hot Space (1982),Bruce Springsteen,Devils & Dust (2005),0.8
Bruce Springsteen,We Shall Overcome: The Seeger Sessions (2006),Taylor Swift,Lover (2019),0.8
Bruce Springsteen,Western Stars (2019),BTS,MAP OF THE SOUL : 7 (2020),0.8
Queen,Queen II (1974),Queen,Hot Space (1982),0.7
Queen,A Night at the Opera (1975),Bruce Springsteen,Human Touch (1992),0.7
Bruce Springsteen,Devils & Dust (2005),Taylor Swift,1989 (2014),0.7
Bruce Springsteen,We Shall Overcome: The Seeger Sessions (2006),BTS,MAP OF THE SOUL : 7 (2020),0.7
Bruce Springsteen,We Shall Overcome: The Seeger Sessions (2006),Taylor Swift,The Vault (deluxe) (2021),0.7
BTS,MAP OF THE SOUL : 7 (2020),Taylor Swift,Red (Taylor’s Version) (2021),0.7
Queen,Queen (1973),Queen,Flash Gordon (1980),0.6
Queen,Queen II (1974),Taylor Swift,1989 (2014),0.6
Queen,A Night at the Opera (1975),Queen,A Kind of Magic (1986),0.6
Queen,Flash Gordon (1980),Queen,Innuendo (1991),0.6
Queen,Flash Gordon (1980),Bruce Springsteen,Born to Run (1975),0.6
Queen,Flash Gordon (1980),Taylor Swift,Speak Now (2010),0.6
Queen,Flash Gordon (1980),Taylor Swift,1989 (2014),0.6
Bruce Springsteen,"Greetings From Asbury Park, N.J. (1973)",BTS,MAP OF THE SOUL : 7 (2020),0.6
Bruce Springsteen,We Shall Overcome: The Seeger Sessions (2006),Taylor Swift,folklore (2020),0.6
Queen,Queen II (1974),Taylor Swift,Lover (2019),0.4
Queen,Flash Gordon (1980),BTS,MAP OF THE SOUL : 7 (2020),0.4
Queen,A Kind of Magic (1986),BTS,MAP OF THE SOUL : 7 (2020),0.4
Queen,A Night at the Opera (1975),Queen,Flash Gordon (1980),0.3
Queen,Flash Gordon (1980),BTS,WINGS (2016),0.3
Bruce Springsteen,Devils & Dust (2005),Taylor Swift,Lover (2019),0.3
Kodak Black,Kodak The Blessing (2026),Taylor Swift,1989 (2014),0.3
Kodak Black,Kodak The Blessing (2026),Taylor Swift,Lover (2019),0.3
Queen,A Night at the Opera (1975),Queen,A Day at the Races (1976),0.2
Queen,Flash Gordon (1980),Taylor Swift,Lover (2019),0.2
Bruce Springsteen,"The Wild, the Innocent & The E Street Shuffle (1973)",BTS,MAP OF THE SOUL : 7 (2020),0.2
Queen,Queen II (1974),Queen,A Night at the Opera (1975),0.1
Queen,A Night at the Opera (1975),Bruce Springsteen,Devils & Dust (2005),0.1
Queen,A Night at the Opera (1975),Kodak Black,Kodak The Blessing (2026),0.1
Queen,Queen II (1974),BTS,MAP OF THE SOUL : 7 (2020),0.0
Queen,A Day at the Races (1976),BTS,MAP OF THE SOUL : 7 (2020),0.0
Bruce Springsteen,Human Touch (1992),BTS,MAP OF THE SOUL : 7 (2020),0.0
Bruce Springsteen,Devils & Dust (2005),BTS,MAP OF THE SOUL : 7 (2020),0.0
BTS,MAP OF THE SOUL : 7 (2020),Kodak Black,Kodak The Blessing (2026),0.0
